count,word
1447,a
1,a-ffectionate
1,a-green
1,aa
3,aah
1,aaniye
1,aaooooright
6,aathi
1,ab
1,abbey
1,abdomen
1,abeg
1,abel
1,aberdeen
4,abi
2,ability
11,abiola
2,abj
26,able
1,abnormally
166,about
1,aboutas
1,above
1,abroad
1,absence
1,absolutely
2,absolutly
1,abstract
26,abt
3,abta
2,aburo
1,abuse
1,abusers
12,ac
2,academic
5,acc
1,accent
1,accenture
9,accept
9,access
1,accessible
1,accidant
3,accident
4,accidentally
1,accommodation
1,accommodationvouchers
1,accomodate
1,accomodations
1,accordin
3,accordingly
39,account
1,account's
1,accounting
2,accounts
1,accumulation
1,achan
4,ache
1,achieve
1,acid
1,acknowledgement
1,acnt
2,aco
10,across
1,act
2,acted
1,actin
2,acting
4,action
6,activate
2,active
4,activities
2,actor
2,actual
32,actually
5,ad
2,adam
8,add
2,addamsfa
6,added
4,addicted
3,addie
1,adding
22,address
1,adds
1,adewale
1,adi
1,adjustable
2,admin
2,administrator
10,admirer
1,admission
2,admit
3,adore
2,adoring
1,adp
1,adress
1,adrian
1,adrink
2,ads
1,adsense
5,adult
1,adults
7,advance
2,adventure
1,adventuring
5,advice
3,advise
1,advising
1,advisors
2,aeronautics
2,aeroplane
1,afew
2,affair
3,affairs
4,affection
1,affectionate
1,affections
1,affidavit
1,afford
1,afghanistan
4,afraid
1,africa
1,african
19,aft
90,after
1,afternon
28,afternoon
1,afternoons
1,afterwards
6,aftr
2,ag
67,again
9,against
2,agalla
13,age
1,agency
1,agent
1,agents
5,ages
1,agidhane
1,aging
13,ago
2,agree
36,ah
8,aha
7,ahead
1,ahhh
1,ahhhh
6,ahmad
1,ahold
1,aid
1,aids
1,aig
33,aight
4,ain't
5,aint
6,air
5,airport
2,airtel
4,aiya
6,aiyah
4,aiyar
6,aiyo
1,ajith
1,ak
2,aka
1,akon-lonely
9,al
1,alaikkum
2,alaipayuthe
1,albi
2,album
1,album-quite
3,alcohol
1,aldrine
4,alert
1,alertfrom
1,alerts
1,aletter
7,alex
1,alex's
3,alfie
2,algarve
1,algebra
1,algorithms
2,ali
1,alian
1,alibi
3,alive
274,all
1,all's
5,allah
1,allalo
1,allday
1,alle
1,allo
2,allow
2,allowed
1,allows
13,almost
17,alone
4,along
1,alot
91,already
24,alright
7,alrite
73,also
1,alter
1,alternative
2,although
1,alwa
58,always
3,alwys
226,am
1,amanda
6,amazing
1,ambitious
1,ambrith
3,american
1,ami
1,amigos
1,amk
1,amla
1,amma
1,ammae
1,ammo
1,amnow
3,among
2,amongst
1,amore
5,amount
88,amp
1,amplikater
1,amrca
1,amrita
1,ams
5,amt
2,amused
2,amy
114,an
1,ana
1,anal
1,analysis
1,anand
980,and
1,anderson
1,andre
1,andres
1,andrews-boy
2,andros
1,angels
18,angry
1,animal
2,animation
1,anjie
1,anjola's
2,anna
2,annie
2,anniversary
1,annoncement
1,announced
6,announcement
1,annoyin
2,annoying
1,anonymous
2,anot
37,another
12,ans
4,ansr
22,answer
2,answered
1,answerin
4,answering
4,answers
1,answr
1,antelope
1,antha
2,anthony
3,anti
1,antibiotic
134,any
5,anybody
1,anybody's
1,anyhow
8,anymore
18,anyone
1,anyones
1,anyplaces
1,anythiing
3,anythin
75,anything
1,anything's
1,anythingtomorrow
16,anytime
30,anyway
4,anyways
3,anywhere
2,aom
2,apart
8,apartment
1,apes
1,apeshit
1,aphex
1,apnt
2,apo
1,apologetic
3,apologise
1,apologize
1,apology
6,app
4,apparently
1,appeal
1,appear
1,appendix
1,applausestore
2,applebees
1,apples
2,application
32,apply
1,applyed
1,applying
4,appointment
1,appointments
7,appreciate
2,appreciated
1,approaches
1,approaching
1,appropriate
1,approve
1,approved
2,approx
3,apps
4,appt
1,appy
5,april
2,aproach
1,apt
1,aptitude
1,aquarius
8,ar
1,arab
1,arabian
6,arcade
1,archive
22,ard
495,are
13,area
5,aren't
2,arent
1,arestaurant
1,aretaking
1,areyouunique
1,argentina
3,argh
4,argue
1,arguing
5,argument
1,arguments
1,aries
1,arise
1,arises
1,arithmetic
2,arm
5,armand
1,armand's
1,armenia
4,arms
3,arng
1,arngd
1,arnt
61,around
1,aroundn
1,arr
6,arrange
1,arranging
5,arrested
1,arrival
7,arrive
1,arrived
1,arrow
3,arsenal
3,art
1,artists
2,arts
1,arty
1,arul
3,arun
182,as
1,asa
11,asap
1,asda
1,ashes
1,ashley
1,ashley's
1,ashwini
1,asia
1,asian
1,asjesus
89,ask
12,askd
28,asked
6,askin
11,asking
5,asks
1,aslamalaikkum
6,asleep
2,asp
1,aspects
13,ass
1,assessment
1,asshole
1,assistance
1,associate
1,asssssholeeee
4,assume
1,assumed
1,asthere
1,asthma
1,astne
1,astoundingly
1,astrology
1,astronomer
1,asus
1,asusual
406,at
6,ate
1,athletic
1,athome
4,atlanta
2,atlast
1,atleast
5,atm
1,atrocious
1,attach
2,attached
1,attack
24,attempt
1,atten
4,attend
1,attended
1,attending
1,attention
1,attitude
1,attraction
1,attractive
1,attracts
1,attributed
18,auction
1,audiitions
3,audition
1,audrey
1,audrey's
1,audrie
3,august
2,aunt
1,auntie
1,aunties
2,aunts
2,aunty
1,aunty's
1,aust
1,australia
1,authorise
3,auto
1,autocorrect
2,av
1,ava
1,availa
18,available
1,avalarr
3,avatar
1,avble
8,ave
1,avenge
3,avent
1,avenue
1,avin
1,avo
2,avoid
2,avoiding
1,avoids
20,await
8,awaiting
7,awake
29,award
38,awarded
25,away
19,awesome
1,awkward
2,aww
1,awww
1,ax
1,axis
1,ay
2,ayn
1,ayo
74,b
1,b-blue
1,b-day
1,b'coz
10,b'day
1,b'tooth
2,ba
1,baaaaaaaabe
1,baaaaabe
79,babe
6,babes
2,babies
31,baby
1,babygoodbye
1,babyjontet
1,babysit
1,babysitting
1,bac
153,back
1,backdoor
1,backwards
32,bad
1,badass
1,badly
1,badrith
7,bag
3,bags
4,bahamas
1,baig
1,bailiff
8,bak
1,bakra
1,bakrid
6,balance
1,ball
1,baller
1,balloon
1,balls
1,bam
1,bambling
1,band
1,bandages
2,bang
1,bangb
1,bangbabes
1,bani
14,bank
3,banks
1,banned
1,banneduk
1,banter
1,bao
2,bar
1,barbie
1,barcelona
1,bare
6,barely
1,bari
1,barkleys
1,barmed
1,barolla
1,barred
1,barrel
1,barring
1,barry
1,bars
2,base
1,bash
4,basic
5,basically
1,basket's
1,basketball
1,basq
3,bat
2,batch
1,batchlor
11,bath
10,bathe
4,bathing
1,bathroom
1,batsman
1,batt
7,battery
2,battle
1,bawling
4,bay
8,bb
1,bb's
1,bbc
2,bbd
1,bbdeluxe
1,bbq
2,bc
1,bcaz
2,bck
1,bcm
12,bcoz
1,bcs
1,bcum
4,bcums
1,bcz
4,bday
388,be
1,beach
1,beads
2,bear
2,bears
1,beatings
1,beauties
21,beautiful
2,beauty
2,bec
1,becaus
39,because
1,becausethey
7,become
2,becomes
4,becoz
1,becz
32,bed
1,bedbut
1,bedreal
2,bedrm
8,bedroom
1,beeen
1,beehoon
131,been
1,beendropping
4,beer
1,beer-rs
1,beerage
1,beers
4,befor
66,before
1,beforehand
2,beg
1,beggar
2,begging
5,begin
1,begins
1,begun
1,behalf
3,behave
7,behind
3,bein
44,being
21,believe
2,belive
3,bell
1,bellearlier
1,belligerent
5,belly
1,belong
1,belongs
4,belovd
2,beloved
1,belt
3,ben
1,bend
2,beneath
2,beneficiary
2,benefits
1,bennys
1,bergkamp
1,beside
48,best
4,bet
1,beta
1,beth
1,betta
43,better
1,bettersn
1,bettr
31,between
1,beverage
1,bevies
3,beware
3,beyond
5,bf
1,bffs
1,bfore
2,bhaji
1,bhaskar
1,bhayandar
1,bian
1,biatch
7,bid
2,bids
37,big
3,bigger
4,biggest
1,bike
10,bill
3,billed
1,billing
2,billion
2,bills
1,billy
1,bilo
1,bimbo
5,bin
1,biola
1,biola's
2,bird
5,birds
3,birla
1,biro
3,birth
2,birthdate
36,birthday
4,bishan
45,bit
5,bitch
1,bitching
3,bite
1,bites
1,bits
7,biz
2,bk
8,black
4,blackberry
1,blacko
3,blah
3,blake's
3,blame
4,blank
1,blanked
1,blanket
1,blankets
1,blastin
1,bleak
2,bleh
3,bless
2,blessed
2,blessing
3,blessings
1,blimey
2,blind
2,block
1,blocked
1,blog
1,blogging
1,blogspot
2,bloke
1,bloke's
1,blokes
2,blonde
3,bloo
11,blood
4,bloody
4,bloomberg
3,blow
1,blowing
1,blown
2,blu
13,blue
9,bluetooth
1,bluetoothhdset
2,bluff
2,blur
1,bluray
3,bmw
1,board
3,boat
1,boatin
1,bob
6,body
1,boggy
1,bognor
7,bold
1,bollox
1,boltblue
1,bomb
2,bone
1,bong
21,bonus
6,boo
1,boobs
22,book
10,booked
1,bookedthe
3,booking
1,bookmark
3,books
1,bookshelf
1,boooo
5,boost
3,booty
2,bootydelious
1,borderline
24,bored
2,borin
5,boring
4,born
2,borrow
9,boss
5,boston
1,bot
21,both
7,bother
1,bothering
3,bottle
3,bottom
6,bought
1,boundaries
16,bout
1,bowa
4,bowl
1,bowls
38,box
30,boy
1,boy-y
3,boye
1,boyf
2,boyfriend
6,boys
16,boytoy
1,bpo
2,brah
3,brain
1,braindance
1,brainless
1,brains
1,brainy
6,brand
2,brandy
1,bras
1,brats
1,braved
2,bray
1,brb
1,brdget
2,bread
1,breadstick
17,break
1,breaker
1,breakfast
1,breakin
1,breaking
1,breaks
2,breath
2,breathe
1,breather
1,breathing
1,breeze
1,breezy
1,bribe
1,bridal
1,bridge
1,bridgwater
2,brief
4,bright
1,brighten
5,brilliant
1,brilliantly
1,brin
26,bring
4,bringing
9,brings
1,brisk
1,brison
2,bristol
2,british
2,britney
3,bro
2,broad
1,broadband
5,broke
2,broken
1,brolly
3,bros
1,broth
3,brothas
20,brother
1,brothers
4,brought
1,brown
1,brownie
1,brownies
1,browse
1,browser
1,browsin
2,bruce
1,brum
2,bruv
13,bslvyl
1,bsn
1,bsnl
3,bstfrnd
27,bt
2,bt-national
8,bt-national-rate
1,bthere
5,btw
1,btwn
1,bubbletext
7,bucks
4,bud
1,buddy
1,buddys
6,budget
1,buen
3,buff
2,buffet
1,buffy
7,bugis
2,build
3,building
1,built
2,bulbs
1,bull
1,bullshit
1,bunch
1,bundle
1,bunkers
5,buns
1,burden
3,burger
1,burgundy
1,burial
1,burn
2,burning
2,burns
1,burnt
1,burrito
29,bus
2,buses
1,busetop
3,business
1,busty
21,busy
448,but
3,butt
1,buttheres
1,butting
1,buttons
65,buy
1,buyer
1,buyers
9,buying
1,buz
3,buzy
7,buzz
1,buzzzz
1,bw
1,bx
174,by
1,byatch
6,bye
99,c
1,c-in
1,c-red
18,c's
1,cab
5,cabin
1,cable
6,cafe
1,cage
8,cake
1,cakes
7,cal
1,calculated
2,calculation
1,cali
1,cali's
3,calicut
3,california
585,call
3,callback
2,callcost
2,calld
33,called
13,caller
5,callers
10,callertune
2,callfreefone
3,callin
21,calling
1,callon
32,calls
2,calm
4,cam
15,camcorder
27,came
38,camera
1,camp
6,campus
1,camry
409,can
61,can't
2,canada
2,canal
2,canary
8,cancel
1,canceled
2,cancelled
6,cancer
1,canlove
3,cann't
1,canname
5,cannot
66,cant
1,cantdo
1,canteen
1,capacity
2,capital
2,cappuccino
1,caps
3,captain
1,captaining
41,car
17,card
3,cardiff
1,cardin
1,cards
73,care
1,careabout
2,cared
4,career
2,careers
4,careful
4,carefully
1,careless
3,cares
3,caring
1,carlie
1,carlin
16,carlos
1,carlos'll
1,carly
1,carolina
2,caroline
1,carpark
3,carry
1,carryin
5,cars
1,cartons
5,cartoon
14,case
74,cash
7,cash-balance
7,cash-in
2,cashbin
1,cashed
2,cashto
1,casing
1,cast
1,casting
2,castor
1,casualty
4,cat
9,catch
1,catches
3,catching
1,categories
3,caught
18,cause
1,causes
2,causing
1,cave
1,caveboy
5,cbe
6,cc
1,ccna
9,cd
2,cdgt
5,cds
1,cedar
1,ceiling
3,celeb
4,celebrate
1,celebrated
2,celebration
1,celebrations
7,cell
1,census
4,center
5,centre
1,century
1,cer
1,cereals
1,ceri
3,certainly
1,certificate
4,cha
1,chachi
1,chad
3,chain
3,challenge
1,challenging
1,champ
1,champlaxigating
1,champneys
39,chance
2,chances
22,change
7,changed
3,changes
1,changing
2,channel
1,chapel
1,chaps
1,chapter
6,character
1,characters
20,charge
12,charged
5,charges
9,charity
2,charles
1,charlie
1,charming
2,chart
1,charts
2,chase
3,chasing
1,chastity
57,chat
1,chatlines
1,chatter
3,chatting
10,cheap
5,cheaper
2,cheat
2,cheating
3,chechi
39,check
1,checkboxes
6,checked
1,checkin
11,checking
1,checkmate
1,checkup
1,cheek
3,cheer
1,cheered
8,cheers
1,cheery
2,cheese
1,cheesy
1,cheetos
1,chef
15,chennai
1,cheque
2,cherish
1,cherthala
1,chess
2,chest
1,chex
1,cheyyamo
1,chez
1,chg
1,chgs
1,chic
1,chick
3,chicken
1,chickened
1,chief
1,chik
20,chikku
3,child
1,child's
6,childish
1,childporn
9,children
1,childrens
1,chile
3,chill
1,chillaxin
3,chillin
3,china
1,chinatown
1,chinchillas
5,chinese
1,chinky
1,chinnu
1,chiong
2,chip
1,chit-chat
1,chk
1,chloe
2,chocolate
5,choice
1,choices
17,choose
1,choosing
1,chop
1,chords
1,chores
3,chosen
1,chrgd
2,christ
1,christians
13,christmas
1,christmassy
1,chuck
1,chuckin
4,church
1,ciao
7,cine
8,cinema
3,citizen
5,city
1,citylink
1,cl
113,claim
1,claimcode
2,claims
3,claire
1,clarification
1,clarify
2,clark
1,clas
1,clash
45,class
2,classes
1,classic
1,classmates
1,claypot
2,cld
11,clean
4,cleaning
3,clear
3,cleared
1,clearer
2,clearing
2,clearly
2,clever
7,click
1,cliff
1,cliffs
1,clip
4,clock
1,clocks
18,close
1,closeby
6,closed
4,closer
2,closes
1,cloth
2,clothes
1,cloud
1,clover
20,club
1,clubmoby
1,clubsaisai
1,clubzed
1,clue
2,cm
2,cme
1,cmon
3,cn
1,cnl
2,cnn
1,cnupdates
56,co
1,coach
2,coast
2,coat
1,coaxing
1,coca-cola
1,coccooning
2,cochin
3,cock
1,cocksuckers
1,coco
31,code
9,coffee
1,coherently
1,coimbatore
2,coin
1,coincidence
4,coins
1,colany
7,cold
1,colin
1,collages
1,collapsed
9,colleagues
28,collect
3,collected
3,collecting
26,collection
1,colleg
16,college
2,color
23,colour
1,colourful
2,colours
71,com
1,comb
1,combination
2,combine
232,come
4,comedy
21,comes
1,comfey
2,comfort
11,comin
51,coming
1,comingdown
1,command
1,comment
2,commercial
1,commit
5,common
3,community
1,como
12,comp
1,companies
1,companion
17,company
2,compare
1,compass
1,compensation
6,competition
1,complacent
1,complain
1,complaining
2,complaint
1,complementary
8,complete
2,completed
9,completely
1,completes
1,completing
1,complexities
12,complimentary
1,compliments
1,comprehensive
2,compromised
1,compulsory
1,computational
12,computer
1,computerless
1,computers
9,comuk
1,conacted
3,concentrate
1,concentrating
1,concentration
1,concern
1,concerned
3,concert
1,conclusion
2,condition
5,conditions
2,conducts
1,conected
1,conference
6,confidence
1,configure
12,confirm
2,confirmd
3,confirmed
2,conform
2,confused
2,confuses
19,congrats
1,congratulation
15,congratulations
4,connect
1,connected
5,connection
2,connections
1,cons
1,consensus
1,consent
1,conserve
2,consider
4,considering
1,consistently
2,console
2,constant
3,constantly
68,contact
5,contacted
2,contacts
1,contains
15,content
1,contented
1,contention
3,contents
1,continent
2,continue
1,continued
6,contract
1,contribute
2,control
1,convenience
1,conversations
1,converted
1,converter
10,convey
1,conveying
1,convince
2,convinced
2,convincing
4,cook
2,cooked
2,cookies
4,cooking
42,cool
1,cool-mob
1,cooped
1,cooperative
1,copied
1,copies
2,coping
1,cops
9,copy
1,corect
3,cornwall
1,corporation
1,corrct
12,correct
2,correction
1,correctly
1,corrupt
1,corvettes
76,cos
1,cosign
40,cost
7,costa
2,costing
5,costs
1,costume
1,costumes
1,couch
1,cougar-pen
1,cough
1,coughing
60,could
1,coulda
1,couldn
5,couldn't
2,count
2,countin
1,countinlots
7,country
1,counts
1,coupla
13,couple
2,courage
1,courageous
14,course
1,court
1,courtroom
2,cousin
8,cover
1,coveragd
2,covers
22,coz
1,cozy
1,cps
1,cr
3,crab
3,crack
1,craigslist
1,crammed
3,cramps
2,crap
2,crash
1,crashed
1,crashing
11,crave
1,craving
2,craziest
15,crazy
1,crazyin
1,crckt
4,cream
6,created
1,creative
1,creativity
14,credit
4,credited
9,credits
2,creep
2,creepy
1,cres
1,cribbs
1,cricket
2,cricketer
1,crickiting
1,cried
2,crisis
2,crore
4,cross
1,crossing
1,crowd
7,croydon
1,crucial
1,crucify
1,cruel
3,cruise
1,cruisin
1,crushes
5,cry
1,crying
44,cs
1,csc
1,cst
1,cstore
1,ctagg
1,ctargg
1,cthen
1,ctla
1,cts
1,cttargg
1,ctter
1,cttergg
2,ctxt
1,cu
1,cuck
5,cud
3,cuddle
1,cuddled
2,cuddling
1,cudnt
1,culdnt
1,cultures
14,cum
1,cumin
1,cumming
9,cup
1,cupboard
1,cuppa
1,curfew
2,curious
5,current
13,currently
2,curry
1,curtsey
1,cusoon
4,cust
10,custcare
2,custom
58,customer
1,customercare
2,customers
1,customersqueries
13,cut
8,cute
3,cutefrnd
1,cutest
1,cutie
1,cutter
2,cutting
7,cuz
1,cya
1,cyclists
1,cysts
118,d
150,da
1,dabbles
1,dabooks
28,dad
1,dad's
8,daddy
1,dads
3,dai
6,daily
1,dammit
7,damn
2,dan
1,dancce
2,dance
1,dancin
2,dancing
1,dane
1,dang
1,danger
1,dangerous
1,dao
4,dare
3,dark
1,darker
1,darkest
1,darkness
15,darlin
5,darling
2,darlings
12,darren
1,dartboard
1,das
1,dasara
39,dat
2,dat's
1,data
20,date
4,dates
17,dating
1,dats
2,datz
3,dave
1,dawns
220,day
44,days
1,daytime
1,daywith
1,db
2,dbuk
1,dd
25,de
9,dead
9,deal
1,dealer
1,dealer's
2,dealing
1,deals
121,dear
1,dear-loving
3,dearer
3,dearly
3,death
1,debating
1,dec
1,decades
5,december
1,decent
9,decide
16,decided
2,deciding
25,decimal
4,decision
2,decisions
1,deck
1,decking
1,declare
1,decorating
2,dedicate
2,dedicated
1,deduct
10,deep
2,deepak
1,deepest
1,deer
2,deeraj
4,def
2,defeat
1,defer
2,definite
7,definitely
1,definitly
1,defo
1,degree
1,degrees
1,dehydrated
1,dehydration
10,del
2,delay
1,delayed
2,delete
4,deleted
2,delhi
1,delicious
5,deliver
4,delivered
3,deliveredtomorrow
22,delivery
1,deltomorrow
1,deluxe
4,dem
2,demand
32,den
1,dena
1,dengra
2,denis
1,dent
1,dental
1,dentist
1,dentists
1,deny
1,denying
2,department
1,dependable
1,dependents
7,depends
1,deposit
1,deposited
2,depressed
1,depression
1,dept
1,der
4,derek
1,derek's
1,derp
1,describe
1,description
2,desert
1,deserve
1,designation
2,desires
1,desk
2,desparate
1,desparately
2,desperate
2,despite
1,dessert
1,destination
1,destiny
1,detail
1,detailed
27,details
1,determine
1,determined
2,detroit
2,deus
2,develop
1,developed
1,developer
1,device
1,devils
1,deviousbitch
2,devouring
7,dey
1,dha
1,dhanush
2,dhina
2,dhoni
1,dhorte
3,di
2,dial
1,dialling
1,dialogue
1,diamond
2,diamonds
1,diapers
1,dice
3,dick
1,dict
4,dictionary
122,did
5,did'nt
5,did't
1,diddy
4,didn
44,didn't
30,didnt
1,didntgive
12,die
6,died
1,diesel
4,diet
1,dieting
3,diff
2,differ
2,difference
1,differences
10,different
12,difficult
2,difficulties
3,dificult
1,digi
8,digital
1,digits
3,dignity
1,dileep
2,dime
1,dimension
8,din
1,dine
1,dined
1,dinero
2,ding
2,dining
36,dinner
1,dino
6,dint
1,dip's
2,dippeditinadew
12,direct
6,directly
1,director
1,directors
1,dirt
1,dirtiest
4,dirty
30,dis
1,disagreeable
1,disappeared
1,disappointment
1,disaster
1,disasters
1,disastrous
1,disc
2,disclose
2,disconnect
1,disconnected
11,discount
2,discreet
5,discuss
2,discussed
1,diseases
1,disk
3,dislikes
1,dismay
1,dismissial
3,display
3,distance
2,distract
9,disturb
1,disturbance
2,disturbing
1,ditto
1,divert
2,division
2,divorce
2,diwali
1,dizzamn
1,dizzee
1,dl
1,dled
1,dlf
5,dload
13,dnt
410,do
1,dob
1,dobby
1,dobby's
4,doc
1,dock
1,docks
3,docs
9,doctor
1,doctors
1,documents
1,dodda
1,dodgey
32,does
1,doesdiscount
4,doesn
15,doesn't
9,doesnt
7,dog
1,dogbreath
1,dogg
1,doggin
11,dogging
3,doggy
1,dogs
1,dogwood
12,doin
1,doinat
88,doing
1,doit
1,doke
2,dokey
1,doll
2,dollar
5,dollars
1,dolls
1,dom
1,domain
28,don
141,don't
2,donate
50,done
2,donno
148,dont
1,dontcha
1,dontignore
1,dontmatter
1,dontplease
1,donyt
1,dooms
8,door
3,doors
2,dorm
1,dormitory
1,dorothy
1,dose
1,dosomething
3,dot
22,double
1,double-faggot
1,doublemins
1,doubles
1,doubletxt
2,doubt
1,doug
2,dough
56,down
13,download
2,downloaded
3,downloads
1,downon
1,downs
1,downstem
1,dozens
1,dps
2,dr
2,dracula
1,drama
1,dramastorm's
1,dramatic
1,drastic
44,draw
1,draws
1,dreading
11,dream
22,dreams
1,dreamz
3,dress
2,dressed
3,dresser
18,drink
2,drinkin
3,drinking
5,drinks
1,drivby
20,drive
2,driver
4,drivin
22,driving
1,drizzling
2,drms
18,drop
5,dropped
1,drops
2,drove
2,drpd
5,drug
1,drugdealer
10,drugs
1,drum
3,drunk
1,drunkard
2,drunken
1,drvgsto
4,dry
1,dryer
3,dsn't
2,dt
1,dual
1,dub
3,dubsack
2,duchess
1,ducking
23,dude
1,dudes
1,dudette
6,due
1,duffer
1,dull
2,dumb
1,dump
55,dun
1,dungerees
31,dunno
1,duo
2,durban
1,durham
8,during
1,dusk
1,dust
1,duvet
8,dvd
1,dvg
1,dwn
1,dying
1,dysentry
89,e
1,e-mail
1,e-namous
1,e-ternal
2,e-threats
3,e-tlp
17,each
1,eachother
2,ear
13,earlier
1,earlier-we
1,earliest
33,early
2,earn
1,earning
1,ears
6,earth
4,easier
1,easiest
2,easily
2,east
2,eastenders
2,easter
31,easy
38,eat
3,eaten
7,eatin
7,eating
2,ebay
1,echo
1,eckankar
1,ecstacy
1,ecstasy
1,edge
1,edhae
2,edison
1,edition
1,edrunk
2,edu
1,education
2,educational
1,edukkukayee
1,edward
1,edwards
2,ee
2,eek
5,eerie
1,eerulli
2,effect
2,effects
1,efficient
1,efreefone
11,eg
1,egbon
4,egg
1,egg-potato
2,eggs
1,eggs-pert
1,ego
12,eh
3,eight
2,eighth
1,eightish
2,eire
22,either
1,el
2,ela
1,elaborate
1,elaborating
2,elaine
1,elama
1,elaya
1,eldest
1,election
1,elections
2,electricity
1,elephant
1,eleven
1,elliot
1,ello
24,else
3,elsewhere
1,elvis
10,em
19,email
1,emailed
4,embarassed
1,embarassing
1,embarrassed
1,embassy
1,emergency
1,emerging
1,emigrated
1,emily
1,emotion
1,employee
1,employer's
10,empty
2,en
1,enc
41,end
6,ended
9,ending
1,endless
1,endof
1,endowed
12,ends
1,enemies
4,enemy
10,energy
5,eng
1,engaged
1,engagement
1,engalnd
2,engin
10,england
5,english
40,enjoy
4,enjoyed
2,enjoyin
1,enjoying
1,enketa
1,enna
1,ennal
29,enough
1,ente
13,enter
11,entered
1,enters
1,entertain
1,entertaining
1,entey
1,entire
1,entirely
8,entitled
1,entrepreneurs
1,entropication
26,entry
1,enufcredeit
3,enuff
6,envelope
2,environment
1,envy
1,epi
1,eppolum
2,epsilon
1,equally
5,er
1,er'ything
1,ere
1,ericson
2,ericsson
3,erm
1,erode
1,erotic
1,err
2,error
1,errors
1,ertini
1,eruku
1,erupt
1,erutupalam
1,esaplanade
1,escalator
4,escape
3,ese
1,eshxxxxxxxxxxx
1,espe'll
9,especially
4,esplanade
1,essay
4,essential
1,establish
2,eta
13,etc
1,ethnicity
1,etlp
1,ettans
3,euro
2,eurodisinc
2,europe
1,evaluation
1,evaporated
20,eve
2,eveb
64,even
28,evening
2,evenings
2,event
1,events
1,eventually
35,ever
72,every
3,everybody
2,everybody's
1,everyboy
2,everyday
18,everyone
1,everyones
1,everyso
1,everythin
30,everything
1,everytime
2,everywhere
1,evey
1,eviction
1,evil
3,evn
6,evng
1,evo
1,evone
2,evr
2,evrey
2,evry
2,evrydy
1,ew
10,ex
1,ex-wife
4,exact
6,exactly
11,exam
5,exams
9,excellent
7,except
1,exchanged
1,excited
6,exciting
7,excuse
1,excused
2,excuses
3,exe
3,executive
1,exercise
2,exeter
2,exhaust
3,exhausted
1,exhibition
1,exist
2,exmpel
1,exorcism
2,exorcist
1,exp
4,expect
1,expected
5,expecting
1,expects
6,expensive
7,experience
1,experiencehttp
1,experiment
1,expert
2,expired
17,expires
1,expiry
4,explain
2,explicit
1,explicitly
2,explosive
1,exposed
1,exposes
3,express
2,expression
2,expressoffer
1,ext
1,exterminator
12,extra
1,extract
1,extreme
2,ey
3,eye
1,eyed-dont
9,eyes
14,f
4,fa
2,fab
1,faber
30,face
8,facebook
1,facilities
10,fact
1,factory
1,facts
1,faded
2,faggy
1,faglord
3,failed
1,failing
2,fails
1,failure
1,fainting
3,fair
2,faith
2,fake
1,fakeye's
1,fal
1,falconerf
6,fall
1,fallen
2,falling
3,falls
1,fals
1,famamus
1,familiar
22,family
1,famous
2,fan
1,fancied
3,fancies
14,fancy
1,fans
6,fantasies
10,fantastic
5,fantasy
16,far
3,farm
1,farrell
1,farting
1,fassyole
16,fast
4,faster
2,fastest
7,fat
1,fated
13,father
3,fathima
1,fats
1,fatty
8,fault
2,fav
3,fave
3,favor
2,favorite
4,favour
3,favourite
6,fb
3,fear
1,feathery
1,features
6,feb
1,feb-april
4,february
1,fed
1,fedex
1,feed
62,feel
3,feelin
22,feeling
1,feelingood
1,feellikw
11,feels
3,fees
4,feet
3,fell
1,fellow
13,felt
3,female
1,feng
1,festival
6,fetch
1,fetching
4,fever
44,few
1,fffff
1,ffffffffff
1,ffffuuuuuuu
1,fgkslpo
1,fgkslpopw
1,fidalfication
2,field
1,fieldof
1,fiend
1,fifa
4,fifteen
1,fifth
1,fifty
6,fight
5,fighting
3,fightng
2,fights
10,figure
2,figures
1,figuring
4,file
4,files
4,fill
2,filled
2,filling
4,fills
10,film
3,films
1,filth
2,filthy
1,filthyguys
18,final
1,finalise
15,finally
2,finance
1,financial
73,find
1,finding
1,finds
51,fine
1,finest
8,fingers
42,finish
1,finishd
19,finished
3,finishes
3,finishing
1,fink
1,finn's
2,fire
1,fired
1,firefox
1,fireplace
1,fires
1,firmware
1,firsg
65,first
3,fish
1,fishhead
1,fishrman
3,fit
1,fiting
6,five
5,fix
1,fixd
8,fixed
2,fixedline
1,fixes
1,fizz
9,flag
3,flaked
2,flaky
2,flame
3,flash
5,flat
1,flatter
1,flavour
1,flea
1,fletcher
1,flew
2,flies
3,flight
6,flights
1,flim
2,flip
1,flippin
7,flirt
2,flirting
1,flirtparty
1,floating
1,flood
3,floor
1,floppy
1,florida
1,flow
6,flower
1,flowers
2,flowing
1,fluids
1,flung
1,flurries
1,flute
2,fly
1,flying
1,flyng
1,fm
4,fml
1,fne
2,fo
1,fold
2,foley
1,folks
3,follow
4,followed
1,followin
7,following
1,follows
1,fond
1,fondly
14,fone
1,foned
1,fones
1,fonin
23,food
4,fool
1,fooled
1,fools
2,foot
4,football
1,footbl
1,footie
3,footprints
1,footy
711,for
3,force
1,forced
1,foregate
3,foreign
10,forever
3,forevr
1,forfeit
18,forget
2,forgets
1,forgive
2,forgiven
1,forgiveness
32,forgot
2,forgotten
1,forgt
2,form
1,formal
1,formally
2,format
1,formatting
2,forms
1,forth
1,fortune
2,forum
2,forums
7,forward
9,forwarded
1,forwarding
17,found
1,foundurself
3,four
1,fourth
1,foward
1,fowler
1,fox
1,fps
13,fr
1,fr'ndship
1,fraction
3,fran
1,frank
1,frankie
1,franxx
1,franyxxxxx
2,frauds
4,freak
1,freaked
1,freaking
1,freaky
1,fredericksburg
279,free
1,free-message
1,free-nokia
2,free-send
2,freedom
1,freeentry
4,freefone
1,freek
1,freely
14,freemsg
8,freephone
3,freezing
1,freinds
4,fren
1,fren's
1,french
8,frens
1,frequently
1,fresh
1,freshers
2,fret
15,fri
15,friday
1,fridays
1,fridge
1,fried
47,friend
1,friend-of-a-friend
3,friend's
55,friends
1,friendsare
22,friendship
1,friendships
1,fring
2,fringe
14,frm
1,frmcloud
16,frnd
14,frnds
4,frndship
1,frndshp
1,frndsship
1,frndz
1,frnt
1,fro
1,frog
1,frog-axel
284,from
4,fromm
1,fromwrk
2,front
1,frontierville
1,frosty
1,fruit
1,frwd
3,frying
1,ft
28,fuck
1,fuck's
2,fucked
3,fuckin
15,fucking
1,fuckinnice
1,fucks
1,fudge
1,fuelled
2,fujitsu
3,ful
1,fulfil
21,full
8,fullonsms
1,fumbling
31,fun
1,function
1,functions
1,fund
1,fundamentals
2,funeral
2,funk
2,funky
8,funny
1,funs
2,furniture
4,further
1,fusion
8,future
1,fuuuuck
1,fwiw
6,fyi
34,g
1,g's
1,ga
1,gail
1,gailxx
2,gain
1,gained
10,gal
1,gal-can
1,gal-no
2,galileo
5,gals
1,gam
1,gamb
21,game
20,games
2,gamestar
1,gandhipuram
2,ganesh
3,gang
6,gap
4,gaps
3,garage
2,garbage
2,garden
3,gardener
1,gari
1,garments
3,gary
13,gas
2,gastroenteritis
1,gate
1,gauge
3,gautham
1,gauti
10,gave
8,gay
1,gayle
1,gays
2,gaytextbuddy
1,gaze
3,gbp
18,gd
1,gdeve
12,ge
7,gee
5,geeee
2,geeeee
1,gei
2,gender
1,general
3,generally
1,genes
2,genius
2,gent
5,gentle
3,gentleman
4,gently
3,genuine
1,genus
1,geoenvironmental
2,george's
1,gep
1,ger
3,germany
389,get
1,getiing
1,geting
11,gets
1,getsleep
2,getstop
10,gettin
50,getting
10,getzed
2,gf
1,ghodbandar
2,ghost
2,gibbs
1,gibe
25,gift
2,gifted
1,gifts
1,giggle
1,gigolo
3,gimme
1,gimmi
2,gin
36,girl
6,girlfrnd
1,girlie
16,girls
2,gist
4,giv
103,give
3,given
6,gives
8,giving
10,glad
1,glands
1,glasgow
1,glass
1,glo
1,global
1,glorious
1,glory
1,gloucesterroad
5,gm
1,gmw
13,gn
1,gnarls
2,gnt
1,gnun
283,go
3,goal
2,goals
1,gobi
40,god
7,god's
2,gods
26,goes
1,goggles
1,goigng
22,goin
173,going
1,gokila
2,gold
1,golddigger
1,golden
2,goldviking
1,golf
1,gon
3,gona
16,gone
1,gong
58,gonna
1,gonnamissu
247,good
1,goodevening
2,goodfriend
1,goodies
1,goodmate
15,goodmorning
9,goodnight
3,goodnite
2,goodnoon
2,goodo
1,goods
1,goodtime
5,google
1,gopalettan
4,gorgeous
1,gosh
1,goss
3,gossip
240,got
1,gota
1,gotany
1,gotbabes
1,gotmarried
8,goto
12,gotta
2,gotten
1,gotto
1,goverment
4,govt
1,gower
1,gprs
2,gpu
1,grab
2,grace
1,graduated
3,grahmbell
3,gram
1,grams
1,gran
4,grand
1,grandfather
1,grandma
1,grandmas
2,granite
1,granted
1,graphics
1,grasp
1,grateful
2,grave
1,gravel
4,gravity
1,gravy
1,gray
1,grazed
1,gre
115,great
2,greatest
1,greatly
1,greatness
1,greece
5,green
5,greet
1,greeting
3,greetings
1,grief
1,grinder
12,grins
1,grinule
4,grl
1,grocers
1,grooved
1,groovy
1,groovying
3,ground
6,group
2,grow
2,growing
1,grown
1,grownup
1,grr
1,grumble
1,grumpy
1,gsex
1,gsoh
318,gt
1,gua
1,guai
1,guarantee
50,guaranteed
1,gucci
67,gud
3,gudnite
1,gudnyt
38,guess
1,guessed
1,guesses
1,guessin
2,guessing
1,guidance
5,guide
1,guides
1,guild
3,guilty
1,guitar
1,gumby's
1,guoyang
1,gurl
1,gut
24,guy
2,guy's
37,guys
2,gv
2,gving
12,gym
1,gymnastics
1,gynae
1,gyno
5,h
16,ha
1,habba
2,habit
1,hack
105,had
1,hadn't
23,haf
51,haha
3,hahaha
7,hai
1,hail
24,hair
1,haircut
1,hairdressers
1,haiyoh
3,haiz
38,half
1,hall
1,halla
2,hallaq
3,halloween
4828,ham
1,hamper
2,hamster
15,hand
3,handed
1,handing
4,handle
5,hands
6,handset
1,handsome
1,handsomes
2,hang
1,hanger
1,hangin
4,hanging
1,hanks
1,hannaford
1,hanumanji
20,happen
4,happend
16,happened
1,happenin
7,happening
7,happens
1,happier
1,happiest
2,happily
13,happiness
108,happy
16,hard
3,hardcore
1,harder
1,hardest
2,hardly
1,hari
1,harish's
1,harlem
1,harri
4,harry
118,has
1,hasbro
4,hasn't
1,hasnt
1,hassling
1,hat
5,hate
1,hates
1,haughaighgtujhyguj
1,haul
1,haunt
26,hav
1,hava
1,havbeen
577,have
1,havebeen
3,haven
22,haven't
24,havent
1,haventcn
3,havin
42,having
1,havn't
3,havnt
1,hcl
1,hdd
196,he
5,he'll
30,he's
19,head
3,headache
2,headin
2,heading
2,heads
1,headset
1,headstart
1,heal
1,healer
1,healthy
1,heap
32,hear
12,heard
1,hearin
1,hearing
49,heart
1,hearted
2,hearts
1,heat
2,heater
1,heaven
1,heavily
7,heavy
1,hectic
13,hee
1,heehee
1,hehe
4,height
2,held
2,helen
1,helens
7,hell
5,hella
52,hello
1,hello-ed
1,hellogorgeous
2,helloooo
58,help
1,helpful
1,helping
2,helpline
1,helps
1,heltini
1,hen
2,hence
2,henry
1,hep
134,her
122,here
1,hero
1,heroes
1,heron
2,herself
2,hes
1,hesitant
1,hesitate
1,hesitation
2,hex
112,hey
11,hg
1,hhahhaahahah
140,hi
1,hidden
2,hide
1,hides
1,hiding
7,high
1,highest
1,hilarious-also
4,hill
1,hills
1,hillsborough
111,him
1,himself
1,himso
3,hint
4,hip
1,hiphop
1,hire
64,his
3,history
15,hit
1,hitler
1,hitman
1,hits
1,hitter
1,hittng
9,hiya
6,hl
1,hlday
2,hlp
2,hm
1,hme
14,hmm
13,hmmm
1,hmmmm
1,hmmross
1,hmph
10,hmv
9,ho
2,hockey
1,hogidhe
1,hogli
1,hogolo
2,hol
1,holby
15,hold
6,holder
7,holding
1,hole
47,holiday
7,holla
1,hollalater
4,hols
2,holy
167,home
3,homeowners
3,hon
1,honest
1,honestly
1,honesty
8,honey
3,honeybee
1,honeymoon
1,honi
1,hont
1,hoo
1,hooch
1,hoody
5,hook
1,hooked
1,hoops
7,hop
113,hope
2,hoped
1,hopeful
5,hopefully
1,hopeing
1,hopes
1,hopeso
1,hopeu
10,hoping
2,hor
1,horniest
7,horny
2,horo
5,horrible
1,horse
1,hos
10,hospital
2,hospitals
1,host-based
5,hostel
1,hostile
22,hot
7,hotel
2,hotels
1,hotmail
1,hotmix
1,hottest
30,hour
1,hourish
21,hours
36,house
7,house-maid
1,houseful
2,housewives
1,housework
1,housing
282,how
1,how're
29,how's
1,how've
2,howard
1,howda
1,howdy
8,however
16,hows
1,howu
6,howz
1,hp
2,hppnss
5,hr
2,hrishi
6,hrs
2,hsbc
1,html
21,http
1,hu
1,huai
2,hubby
1,hubby's
1,hudgi
4,hug
2,huge
1,hugging
1,hugh
2,hugs
20,huh
1,hui
1,huiming
1,hum
1,humanities
1,humans
4,hun
1,hun-onbus
2,hundred
1,hundreds
1,hungover
14,hungry
1,hunks
6,hunny
1,hunt
1,hunting
1,hurricanes
2,hurried
7,hurry
23,hurt
2,hurting
8,hurts
3,husband
1,hussey
1,hustle
1,hut
5,hv
1,hvae
9,hw
1,hw'd
2,hyde
1,hype
1,hypertension
1,hypotheticalhuagauahahuagahyuhagga
2379,i
1,i-ntimate
12,i'd
168,i'll
394,i'm
1,i'ma
65,i've
9,iam
2,ias
2,ibh
3,ibhltd
4,ibiza
1,ibm
2,ibn
1,ibored
1,ibuprofens
3,ic
1,iccha
9,ice
1,icic
2,icicibank
1,icky
1,icon
23,id
1,idc
7,idea
1,idea's
2,ideal
3,ideas
1,identification
16,identifier
2,idew
4,idiot
4,idk
1,idps
1,idu
1,ie
389,if
1,iff
1,ifink
1,ignorant
5,ignore
1,ignoring
1,ihave
1,ijust
3,ikea
1,ikno
1,iknow
10,il
1,ileave
43,ill
2,illness
1,illspeak
1,ilol
86,im
1,image
1,images
1,imagination
7,imagine
1,imat
1,imf
1,img
1,imin
7,imma
1,immed
10,immediately
1,immunisation
2,imp
2,impatient
1,impede
1,implications
27,important
1,importantly
1,imposed
3,impossible
1,imposter
1,impress
1,impressed
1,impression
1,impressively
2,improve
2,improved
1,imprtant
893,in
8,inc
2,inch
4,inches
3,incident
1,inclu
3,include
1,includes
7,including
5,inclusive
1,incomm
2,inconsiderate
1,inconvenience
1,inconvenient
1,incorrect
1,increase
2,incredible
2,increments
1,inde
2,indeed
1,independence
1,independently
2,index
13,india
6,indian
4,indians
2,indicate
2,individual
2,indyarocks
1,inever
1,infact
2,infections
4,infernal
1,influx
16,info
4,inform
12,information
6,informed
1,infra
2,infront
1,ing
1,ingredients
1,initiate
1,ink
1,inlude
1,inmind
1,inner
3,innings
2,innocent
1,innu
1,inperialmusic
1,inpersonation
2,inr
1,insects
3,insha
2,inshah
8,inside
1,inspection
1,inst
1,install
1,installation
2,installing
1,instant
3,instantly
7,instead
4,instituitions
3,instructions
7,insurance
4,intelligent
1,intend
1,intention
1,intentions
2,interest
8,interested
5,interesting
2,interflora
1,interfued
1,internal
7,internet
4,interview
1,interviews
1,interviw
1,intha
36,into
1,intrepid
5,intro
1,intrude
2,invaders
1,invention
2,invest
1,investigate
1,invitation
3,invite
13,invited
6,inviting
3,invnted
1,invoices
1,involve
1,involved
3,iouri
1,ip
2,ipad
1,ipaditan
1,ipads
1,iphone
12,ipod
4,iq
1,iraq
1,irene
1,iriver
1,iron
1,ironing
1,irritated
2,irritates
3,irritating
1,irritation
1,irulinae
896,is
1,is'love
1,isaiah
3,iscoming
6,ish
1,ishtamayoo
2,island
3,islands
3,isn
11,isn't
6,isnt
3,issue
5,issues
1,isv
651,it
1,it'll
98,it's
1,it'snot
5,italian
2,itcould
2,items
1,iter
1,ithink
1,itna
228,its
9,itself
2,itwhichturnedinto
1,itxt
3,itz
1,ivatte
9,ive
1,iwana
1,iwas
1,iyo
4,iz
7,izzit
8,j
1,jabo
1,jack
2,jacket
2,jackpot
1,jackson
1,jacuzzi
4,jada
1,jade
1,jaklin
1,jam
3,james
4,jamster
1,jamz
3,jan
1,janarige
3,jane
1,janinexx
7,january
1,janx
1,jap
2,japanese
2,jas
3,jason
5,java
11,jay
3,jay's
2,jaya
1,jaykwon
1,jaz
5,jazz
1,jb
2,jd
1,je
3,jealous
2,jeans
1,jeetey
1,jeevithathile
1,jelly
4,jen
1,jenne
2,jenny
1,jenxxx
1,jeremiah
1,jeri
1,jerk
2,jerry
1,jersey
4,jess
5,jesus
1,jet
1,jetton
1,jewelry
1,jez
1,ji
2,jia
2,jiayin
1,jide
5,jiu
1,jjc
2,jo
2,joanna
43,job
2,jobs
1,jobyet
1,jocks
1,jod
1,jog
2,jogging
13,john
27,join
8,joined
2,joining
5,joke
1,joke--thet
1,joke's
1,joker
4,jokes
2,jokin
6,joking
2,jolly
2,jolt
1,jon
1,jones
1,jontin
5,jordan
1,jorge-shock
1,jos
1,jot
4,journey
4,joy
8,joy's
1,joys
1,jp
1,js
2,jsco
6,jst
3,jstfrnd
2,jsut
2,juan
1,judgemental
3,juicy
1,jules
1,juliana
1,julianaland
3,july
1,jump
1,jumpers
4,june
1,jungle
1,junna
1,jurong
35,jus
376,just
1,justbeen
1,justfound
1,justify
1,justthought
1,juswoke
25,juz
147,k
1,kaaj
3,kadeem
2,kaiez
1,kaila
1,kaitlyn
1,kalaachutaarama
1,kalainar
1,kalisidare
7,kallis
1,kalstiya
1,kama
1,kanagu
1,kane
1,kanji
6,kano
2,kappa
3,karaoke
1,karnan
1,karo
11,kate
1,katexxx
1,kath
2,kavalan
2,kay
1,kaypoh
7,kb
2,ke
1,keen
69,keep
1,keep-in-touch
6,keeping
2,keeps
2,kegger
1,keluviri
1,ken's
2,kent
7,kept
6,kerala
2,keralacircle
1,keris
4,kettoda
4,key
1,keypad
3,keys
1,keyword
1,kfc
2,kg
1,khelate
1,ki
1,kicchu
8,kick
1,kickboxing
2,kickoff
2,kicks
2,kid
2,kidding
10,kids
4,kidz
1,kiefer
1,kill
2,killed
2,killing
2,kills
1,kilos
16,kind
9,kinda
3,kindly
9,king
1,kingdom
1,kintu
2,kiosk
1,kip
1,kisi
31,kiss
4,kisses
1,kissing
1,kit
1,kittum
1,kitty
3,knackered
1,knee's
1,knees
13,knew
1,knickers
2,knock
1,knocking
262,know
3,knowing
1,known
10,knows
17,knw
1,ko
1,kochi
1,kodstini
1,kodthini
1,kolathupalayam
2,konw
1,korche
1,korean
1,korli
1,korte
1,kotees
2,kothi
2,kr
1,ktv
1,kuch
2,kudi
4,kusruthi
1,kvb
2,kz
3,l
1,l-oveable
1,l'm
7,la
4,lab
1,labor
1,lac
1,lacking
6,lacs
1,laden
6,ladies
6,lady
2,lag
1,lage
1,lager
5,laid
1,lakhs
1,lambda
1,lambu
1,lamp
1,lancaster
18,land
1,landing
34,landline
1,landlineonly
2,landlines
1,landmark
1,lands
2,lane
2,langport
2,language
1,lanka
1,lanre
1,lap
1,lapdancer
12,laptop
38,lar
1,lara
1,laready
1,large
4,largest
1,lark
1,lasagna
78,last
1,lastest
1,lasting
59,late
2,lately
1,latelyxxx
135,later
39,latest
1,latests
5,latr
10,laugh
3,laughed
4,laughing
1,laughs
2,laundry
1,laurie
1,lautech
1,lavender
5,law
1,laxinorficated
1,lay
1,layin
1,laying
2,lays
9,lazy
2,lccltd
9,ldew
10,ldn
3,le
5,lead
1,leadership
1,leading
1,leads
1,leaf
1,leafcutter
1,league
1,leanne
7,learn
1,learned
14,least
57,leave
10,leaves
20,leaving
9,lect
4,lecture
1,lecturer
32,left
1,leftovers
1,leg
4,legal
1,legitimat
3,legs
30,leh
23,lei
1,lekdog
8,lemme
1,length
1,lengths
1,lennon
1,leo
3,leona
1,leona's
1,leonardo
1,les
10,less
1,lesser
17,lesson
9,lessons
73,let
6,let's
18,lets
4,letter
4,letters
1,level
1,li
37,liao
2,lib
1,libertines
8,library
3,lick
2,licks
3,lido
4,lie
2,lies
84,life
1,lifebook
1,lifeis
3,lifetime
3,lifpartnr
7,lift
1,lifted
1,lifting
15,light
1,lighters
1,lightly
5,lik
247,like
7,liked
3,likely
3,likes
1,likeyour
1,liking
3,lil
2,lily
1,lim
1,limit
1,limited
2,limiting
1,limits
1,limping
1,lindsay
42,line
1,line--you
1,linear
1,lined
5,linerental
3,lines
1,lingerie
1,lingo
10,link
1,links
1,linux
2,lion
2,lionm
2,lionp
2,lions
2,lip
1,lipo
1,lips
1,liquor
7,list
1,listed
14,listen
1,listener
5,listening
1,listn
1,lists
1,lit
2,literally
1,litres
30,little
46,live
2,lived
1,liver
3,liverpool
4,lives
5,living
2,lk
43,ll
1,llspeak
7,lmao
1,lnly
2,lo
1,load
12,loads
9,loan
2,loans
1,lobby
6,local
2,location
5,locations
1,locaxx
2,lock
1,locks
1,lodge
1,lodging
14,log
1,logged
1,logging
7,login
7,logo
1,logoff
1,logon
2,logos
1,loko
74,lol
1,lolnice
1,lololo
1,londn
6,london
1,loneliness
4,lonely
42,long
8,longer
1,lonlines
1,loo
31,look
2,lookatme
5,looked
6,lookin
29,looking
7,looks
1,lool
1,loooooool
1,looovvve
2,loose
1,loosing
1,loosu
162,lor
1,lord
21,lose
1,losers
3,loses
4,losing
4,loss
13,lost
39,lot
3,lotr
17,lots
1,lotsly
1,lotsof
2,lotta
1,lotto
1,lotz
2,lou
3,loud
3,lounge
3,lousy
2,lov
11,lovable
214,love
11,loved
2,lovejen
15,lovely
2,loveme
9,lover
6,loverboy
2,lovers
8,loves
1,lovin
16,loving
2,lovingly
1,lovly
2,low
1,low-cost
2,lower
1,lowes
2,loxahatchee
2,loyal
7,loyalty
1,lrg
2,lst
316,lt
16,ltd
1,ltdhelpdesk
2,lttrs
1,lubly
13,luck
1,luckily
17,lucky
4,lucozade
2,lucy
1,lucyxx
1,luks
1,lul
46,lunch
1,lunchtime
1,lunsford
2,lush
1,luton
38,luv
1,luvd
2,luvs
2,lux
3,luxury
2,lv
3,lvblefrnd
2,lyf
2,lyfu
1,lying
2,lyk
1,lyricalladie
1,lyrics
40,m
4,ma
1,maaaan
2,maangalyam
1,maat
2,mac
1,macedonia
1,macha
4,machan
1,machi
1,machines
3,macho
1,mack
1,macleran
1,macs
5,mad
3,madam
31,made
1,madodu
1,madoke
1,madstini
1,madurai
2,mag
3,maga
1,magazine
1,maggi
1,magic
3,magical
1,magicalsongs
13,mah
2,mahal
1,mahfuuz
26,mail
2,mailbox
1,mailed
2,mails
2,main
3,maintain
1,maintaining
3,major
102,make
23,makes
1,makiing
2,makin
23,making
7,malaria
1,malarky
3,male
3,mall
1,mallika
45,man
2,manage
1,manageable
2,managed
3,management
1,manchester
4,manda
2,mandan
1,mandara
1,mandy
3,maneesha
1,manege
1,mango
1,maniac
1,manky
1,manual
59,many
3,map
1,mapquest
1,maps
1,maraikara
1,marandratha
13,march
1,maretare
3,margaret
1,margin
1,marine
8,mark
3,market
1,marketing
1,marking
1,marley
1,marrge
7,marriage
7,married
6,marry
1,marsms
1,marvel
1,mary
3,mas
1,masked
1,massage
1,massages
2,massive
1,masteriastering
4,masters
1,mat
11,match
1,matched
8,matches
14,mate
15,mates
2,math
1,mathe
2,mathematics
1,mathews
1,maths
1,matra
1,matric
6,matter
1,matters
1,matthew
4,matured
2,maturity
4,max
7,maximize
1,maximum
52,may
13,mayb
32,maybe
2,mb
1,mc
2,mca
2,mcat
1,mcfly-all
1,mcr
807,me
4,meal
1,meals
20,mean
7,meaning
1,meaningful
1,meaningless
26,means
14,meant
4,meanwhile
3,measure
1,meat
1,meatballs
1,mecause
4,med
8,medical
3,medicine
6,meds
1,mee
83,meet
4,meetin
43,meeting
1,meetins
2,meets
1,meg
2,mega
9,meh
1,mei
1,mei's
1,meive
2,mel
6,melle
1,melnite
1,melody
2,melt
7,member
3,members
4,membership
1,memorable
1,memories
1,memory
9,men
1,mens
2,mental
1,mention
1,mentioned
1,mentionned
1,mentor
7,menu
2,meow
1,merely
1,merememberin
10,merry
2,mesages
2,mess
95,message
2,messaged
24,messages
1,messages-text
2,messaging
1,messed
3,messenger
2,messy
11,met
1,method
1,mf
1,mfl
1,mgs
1,mi
1,mia
1,michael
7,mid
3,middle
7,midnight
2,mids
35,might
1,miiiiiiissssssssss
1,mike
2,mila
1,mileage
3,miles
4,milk
1,millers
1,million
1,millions
1,milta
67,min
1,mina
1,minapn
42,mind
1,minded
1,mindset
17,mine
1,mine's
1,minecraft
3,mini
2,minimum
1,minmobsmore
3,minnaminunginte
2,minor
48,mins
1,mint
1,minus
19,minute
32,minutes
5,minuts
8,miracle
1,mirror
2,mis
2,misbehaved
2,miserable
1,misfits
1,mising
1,misplaced
80,miss
1,misscall
25,missed
3,missin
28,missing
1,missionary
1,missions
1,misss
1,missunderstding
1,missy
1,mist
8,mistake
2,mistakes
1,misundrstud
5,mite
2,mitsake
1,mittelschmertz
1,miwa
3,mix
1,mj
1,mjzgroup
1,ml
10,mm
4,mmm
3,mmmm
2,mmmmm
2,mmmmmm
1,mmmmmmm
1,mmsto
1,mns
3,mnth
2,mnths
9,mo
6,moan
24,mob
1,mobcudb
138,mobile
12,mobiles
3,mobilesdirect
2,mobilesvary
2,mobno
1,mobs
1,mobsi
4,moby
9,mode
7,model
1,modl
2,module
2,modules
1,mofo
4,moji
2,mojibiola
2,mokka
1,molested
12,mom
4,mom's
10,moment
3,moments
5,moms
9,mon
11,monday
1,mone
60,money
1,monkeespeople
1,monkey
1,monkeyaround
2,monkeys
3,mono
1,monoc
1,monos
1,monster
35,month
3,month's
3,monthly
1,monthlysubscription
10,months
8,mood
5,moon
3,moon's
9,moral
109,more
2,morefrmmob
3,morn
2,mornin
78,morning
1,mornings
3,morphine
1,morrow
1,moseley
28,most
2,mostly
6,mother
1,mother-in-law
1,motherfucker
1,motivate
1,motivating
1,motive
1,motor
13,motorola
1,mountain
1,mountains
1,mouse
2,mouth
11,move
3,moved
2,moves
21,movie
8,movies
2,movietrivia
2,moving
1,mquiz
13,mr
1,mre
15,mrng
9,mrt
2,ms
111,msg
3,msging
1,msgrcvd
4,msgrcvdhg
17,msgs
2,msn
4,mt
2,mtalk
2,mth
5,mths
2,mtmsg
1,mtnl
14,mu
2,muah
116,much
1,muchand
1,muchxxlove
1,mudyadhu
1,mufti
1,muhommad
1,muht
1,multimedia
1,multiply
1,multis
16,mum
3,mum's
1,mumbai
1,mumhas
3,mummy
1,mummy's
1,mums
2,mumtaz
2,mumtaz's
1,mundhe
2,munsters
1,murali
6,murder
7,murdered
7,murderer
1,mus
1,mush
1,mushy
23,music
1,music-trivia
1,musical
1,musicnews
27,must
1,musta
2,musthu
1,mustprovide
1,mutai
1,mutations
11,muz
1,mw
1,mwahs
765,my
1,my-tone
1,mycalls
1,mylife
1,mymoby
1,myparents
1,mys
10,myself
1,myspace
2,mystery
154,n
1,n-atural
1,n-gage
1,n-oble
10,na
3,na-tuition
1,naal
1,nachos
2,nag
2,nagar
10,nah
2,nahi
1,nails
7,naked
2,nalla
1,nalli
50,name
2,named
3,names
1,nammanna
3,nan
1,nange
1,nanny
1,nannys
3,nap
1,narcotics
2,nasdaq
1,naseeb
2,nasty
3,nat
1,natalie
2,natalja
12,national
1,nationwide
1,nattil
3,natural
6,nature
1,natwest
7,naughty
1,nauseous
1,nav
1,navigate
2,nb
1,nbme
3,nd
3,ne
10,near
1,nearby
1,nearer
4,nearly
1,necesity
2,necessarily
2,necessary
1,necessity
2,neck
2,necklace
2,ned
169,need
1,needa
4,needed
1,needing
1,needle
16,needs
1,needy
1,neekunna
2,neft
1,negative
1,neglect
1,neglet
1,neighbor
1,neighbors
3,neighbour
2,neither
1,nelson
2,nervous
1,neshanth
22,net
4,netcollex
1,netflix
1,nething
1,netun
1,netvision
29,network
3,networking
3,networks
18,neva
1,nevamind
44,never
1,nevering
1,neville
1,nevr
136,new
2,neway
3,newest
1,newport
1,newquay-send
19,news
1,newscaster
1,newsletter
1,newspapers
62,next
1,nhs
2,nic
62,nice
3,nichols
1,nick
1,nickey
1,nicky
1,nig
8,nigeria
1,nigh
118,night
1,nighters
1,nightnight
6,nights
1,nigpun
1,nigro
1,nike
1,nimbomsons
6,nimya
1,ninish
1,nino
1,nipost
2,nit
22,nite
1,nitro
2,nitros
1,nitw
1,nitz
1,njan
1,nmde
361,no
1,no's
1,nobbing
10,nobody
1,nobody's
20,noe
1,noi
1,noice
1,noise
1,noisy
2,nok
69,nokia
3,nokias
5,noline
1,non
1,noncomittal
9,none
1,nonetheless
1,nookii
11,noon
1,nooooooo
1,noooooooo
15,nope
1,nor
1,nora
1,norcorp
1,nordstrom
3,norm
10,normal
3,normally
1,north
2,northampton
2,nos
1,nose
1,nosh
1,nosy
445,not
4,note
1,notebook
1,notes
2,nothin
38,nothing
7,notice
1,notifications
1,notified
1,notixiquating
1,nottingham
2,notxt
2,noun
1,novelty
1,november
499,now
2,nowadays
1,nowhere
1,noworriesloans
1,nri
16,nt
1,nte
10,ntt
4,ntwk
1,nuclear
1,nudist
1,nuerologist
6,num
96,number
1,number-so
13,numbers
1,nursery
1,nurses
3,nurungu
2,nus
1,nusstu
2,nuther
1,nutter
1,nver
5,nvm
1,nvq
5,nw
7,nxt
1,ny-usa
1,ny's
4,nyc
2,nydc
15,nyt
1,nytho
1,nz
21,o
1,oath
1,obedient
1,obese
1,obey
1,objection
1,oblisingately
1,oblivious
5,obviously
1,occasion
1,occupied
2,occupy
1,occur
1,occurs
1,ocean
1,oclock
1,october
1,odalebeku
2,odi
622,of
1,ofcourse
61,off
1,offc
1,offcampus
1,offdam
1,offense
34,offer
1,offered
1,offering
14,offers
31,office
1,officer
6,official
2,officially
1,offline
2,ofice
1,ofsi
1,ofstuff
4,often
1,oga
1,ogunrinde
115,oh
2,oi
3,oic
2,oil
1,oja
293,ok
27,okay
1,okday
1,okden
3,okey
19,okie
1,okies
1,okmail
1,okors
2,ola
1,olage
1,olave
1,olayiwola's
20,old
1,oli
1,ollu
1,olol
1,olowoyey
1,olympics
8,omg
7,omw
537,on
1,on-edge
1,onam
1,oncall
33,once
1,ondu
175,one
1,one's
9,ones
4,oni
1,onion
1,onion-rs
23,online
1,onluy
219,only
1,onlyfound
7,onto
1,onum
3,onwards
1,onwords
1,ooh
2,oooh
1,oooooh
1,ooooooh
10,oops
17,open
1,opened
1,opener
1,openin
2,opening
1,openings
1,operate
15,operator
8,opinion
2,opinions
1,opponenter
5,opportunity
1,opposed
1,opposite
1,opps
13,opt
4,opt-out
1,opted
1,optimistic
1,optin
3,option
5,optout
423,or
1,oral
31,orange
2,oranges
1,orc
11,orchard
21,order
4,ordered
1,ore
15,oredi
2,oreo
1,oreos
1,org
1,organise
1,organizer
1,orh
2,orig
5,original
1,orno
1,ors
1,ortxt
4,oru
2,os
1,oscar
23,oso
1,otbox
55,other
9,others
10,otherwise
1,othrs
1,othrwise
2,otside
1,ou
1,ouch
149,our
1,ourbacks
1,ours
267,out
1,out--have
1,out--if
1,outage
1,outages
1,outbid
1,outdoors
1,outfit
1,outfor
1,outgoing
1,outrageous
1,outreach
1,outs
15,outside
1,outsider
1,outsomewhere
3,outstanding
4,outta
1,ovarian
68,over
1,overa
1,overdid
1,overdose
1,overemphasise
1,overheating
1,overtime
1,ovr
1,ovulate
2,ovulation
2,ow
1,owe
1,owed
1,owl
10,own
1,own--you've
1,owned
2,owns
1,owo
1,oxygen
1,oyea
1,oyster
5,oz
13,p
33,pa
1,paces
4,pack
4,package
1,packing
2,packs
1,padhe
7,page
4,pages
1,pai
7,paid
27,pain
3,painful
1,paining
2,painting
1,pairs
2,pale
1,palm
2,pan
1,panalam
1,panasonic
2,pandy
2,panic
1,panicks
1,panren
1,pansy
1,panther
1,panties
1,pants
2,pap
1,papa
11,paper
2,papers
2,paperwork
1,paracetamol
1,parachute
1,parade
2,paragon
1,paragraphs
1,paranoid
1,parantella
1,parchi
2,parco
2,parent
17,parents
4,paris
1,parish
13,park
3,parked
1,parkin
3,parking
31,part
1,participate
1,particular
1,particularly
1,parties
5,partner
1,partner's
2,partnership
1,parts
14,party
1,party's
1,paru
1,pases
12,pass
1,passable
4,passed
1,passes
1,passion
4,passionate
1,passport
7,password
2,passwords
7,past
1,pataistha
1,patent
1,path
1,pathaya
1,paths
1,patients
1,patrick
2,pattern
1,patty
1,patty's
1,paul
1,pause
1,pax
32,pay
1,payasam
1,payback
1,payed
2,payee
8,paying
2,payment
1,payments
3,payoh
1,paypal
8,pc
1,pdate_now
3,peace
2,peaceful
1,peach
2,peak
1,pears
2,pee
1,peeps
1,pehle
1,pei
1,pen
3,pence
1,pendent
3,pending
2,penis
1,penny
50,people
1,peoples
58,per
1,percent
1,percentages
1,perf
4,perfect
1,perform
1,performance
1,performed
1,perfume
2,perhaps
1,peril
3,period
1,peripherals
1,permanent
1,permission
1,permissions
1,perpetual
1,persevered
1,persian
1,persolvo
45,person
6,personal
4,personality
1,personally
7,persons
1,perspective
1,perumbavoor
1,pesky
1,pest
11,pete
1,petexxx
2,petey
2,petrol
1,petrol-rs
1,petticoatdreams
4,pg
3,ph
1,pharmacy
1,phasing
1,phd
1,phews
1,phil
1,philosophical
3,philosophy
3,phne
2,phoenix
125,phone
1,phone's
1,phonebook
2,phoned
13,phones
1,phony
7,photo
5,photos
1,photoshop
2,php
1,phrase
1,phyhcmk
1,physics
1,piah
19,pic
71,pick
8,picked
12,picking
2,pickle
19,pics
3,picture
5,pictures
4,pie
2,piece
3,pieces
1,pierre
4,pig
1,piggy
6,pilates
1,pile
1,pillows
2,pimples
6,pin
3,pink
1,pints
1,pisces
2,piss
5,pissed
1,pist
1,pity
8,pix
1,pixels
8,pizza
1,pl
60,place
1,placed
2,placement
5,places
1,plaid
32,plan
5,plane
2,planet
1,planettalkinstant
7,planned
8,planning
11,plans
1,plate
1,platt
39,play
4,played
15,player
7,players
1,playin
5,playing
1,playng
2,plaza
1,pleasant
135,please
6,pleased
1,pleassssssseeeeee
7,pleasure
1,pleasured
6,plenty
2,plm
1,ploughing
134,pls
1,plum
1,plumbers
1,plumbing
1,plural
25,plus
1,plyr
25,plz
19,pm
1,pmt
35,po
16,pobox
1,pocay
1,pocked
3,pocketbabe
1,pockets
1,pocy
4,pod
2,poem
1,poet
13,point
20,points
2,poker
1,poking
1,pokkiri
2,pole
11,police
2,politicians
2,polo
19,poly
1,polyc
2,polyh
3,polyph
5,polyphonic
8,polys
5,pongal
1,ponnungale
1,poo
1,pooja
1,pookie
2,pool
2,poop
10,poor
1,poorly
1,poortiyagi
3,pop
2,popcorn
3,popped
1,popping
4,porn
1,porridge
1,port
1,portal
1,portege
1,portions
1,pose
1,posh
1,posible
2,position
1,positions
1,positive
3,possession
1,possessive
1,possessiveness
1,possibility
9,possible
1,possibly
19,post
1,postal
2,postcard
3,postcode
6,posted
1,posting
1,postponed
2,posts
1,potato
3,potential
2,potter
2,pouch
8,pound
1,pounded
19,pounds
1,poured
2,pours
3,pouts
8,power
1,powerful
1,poyyarikatur
5,ppl
5,pple
4,ppm
5,prabha
1,prabu
1,pract
2,practical
4,practice
2,practicing
1,practicum
1,practising
1,praises
1,prakasam
1,prakasamanu
1,prakesh
1,praps
1,prasad
1,prasanth
1,prashanthettan's
1,praveesh
10,pray
1,prayers
3,praying
1,prayrs
1,pre
1,pre-book
1,predict
1,predicte
1,predicting
1,prediction
1,predictive
3,prefer
4,preferably
2,prem
1,premarica
2,premier
2,premium
2,prepaid
4,prepare
2,prepared
2,prepayment
1,preponed
1,preschoolco-ordinator
1,prescribed
1,prescripiton
2,prescription
1,presence
7,present
1,presents
1,president
1,presleys
1,presnts
13,press
1,pressies
1,pressure
1,prestige
1,pretend
1,pretsorginta
1,pretsovru
15,pretty
1,prevent
1,previews
3,previous
3,previously
3,prey
25,price
1,prices
2,pride
1,priest
1,prin
2,prince
1,princes
32,princess
2,print
2,printed
1,printer
1,printing
1,prior
1,priority
2,priscilla's
2,privacy
19,private
1,prix
1,priya
93,prize
1,prizeawaiting
2,prizes
1,prizeswith
1,pro
16,prob
33,probably
37,problem
1,problem-free
1,problematic
6,problems
1,problms
1,problum
1,probpop
2,probs
1,probthat
6,process
2,processed
1,prods
1,products
2,prof
1,professional
2,professors
1,profile
1,profiles
4,profit
2,program
1,programs
1,progress
14,project
1,projects
3,prolly
1,prometazine
1,prominent
9,promise
1,promised
3,promises
2,promo
1,promoting
1,promotion
1,promptly
2,prompts
1,prone
3,proof
1,proove
1,proper
2,properly
2,property
2,propose
1,props
2,propsd
1,pros
3,prospects
2,protect
3,prove
2,proverb
3,provided
1,provider
1,providing
1,province
1,proze
1,prsn
2,ps
1,pshew
1,psp
1,psxtra
1,psychiatrist
1,psychic
1,psychologist
3,ptbo
1,pthis
18,pub
4,public
1,publish
1,pubs
1,pudunga
2,pull
1,pulling
1,pulls
1,pump
1,punch
1,punish
1,punishment
1,punj
1,punto
1,puppy
1,pura
4,purchase
1,purchases
1,pure
4,purity
1,purple
4,purpose
2,purse
2,push
1,pushbutton
2,pushes
6,pussy
29,put
1,puts
2,puttin
6,putting
1,puzzeles
1,puzzles
6,q
6,qatar
1,qbank
1,qet
1,qi
1,qing
1,qjkgighjjgcbl
1,qlynnbv
7,quality
1,quarter
1,que
4,queen
1,queries
2,ques
22,question
3,questioned
12,questions
8,quick
3,quickly
2,quiet
4,quit
34,quite
1,quiteamuzing
1,quitting
15,quiz
1,quizclub
1,quizzes
5,quote
5,quoting
162,r
1,racal
2,racing
1,radiator
4,radio
2,raed
2,rael
1,raglan
1,rahul
1,raiden
3,railway
9,rain
6,raining
4,raise
1,raised
2,raj
1,rajas
3,raji
1,rajini
1,rajitha
1,rajnikant
10,rakhesh
1,raksha
4,rally
1,ralphs
1,ramen
5,ran
6,random
1,randomlly
3,randomly
2,randy
3,rang
2,range
3,ranjith
1,ranju
1,raping
24,rate
10,rates
7,rather
1,ratio
1,rats
1,raviyog
1,rawring
1,rayan
1,rayman
5,rays
1,rcb
1,rcd
1,rct
2,rcv
8,rcvd
5,rd
1,rdy
23,re
1,re-met
2,re-schedule
1,re-send
1,re-sub
31,reach
1,reache
10,reached
9,reaching
1,reacting
2,reaction
15,read
2,readers
1,readiness
13,reading
42,ready
36,real
2,realise
1,realised
1,realising
3,reality
3,realize
3,realized
1,realizes
86,really
1,reallyneed
8,realy
1,reapply
1,rearrange
14,reason
2,reasonable
4,reasons
1,reassurance
1,reassuring
1,rebel
2,reboot
1,rebooting
1,rebtel
2,rec
4,recd
5,receipt
2,receipts
38,receive
2,receivea
4,received
4,receiving
3,recent
7,recently
1,reception
2,recession
2,recharge
1,recharged
1,recieve
2,reckon
2,recognise
1,recognises
3,record
1,recorded
1,recorder
5,records
1,recount
2,recovery
1,recpt
1,recreation
1,recycling
11,red
1,redeemable
2,reduce
1,ree
4,ref
8,reference
1,references
1,referin
1,reffering
2,refilled
1,reflection
1,reflex
1,reformat
1,refreshed
1,refund
1,refunded
4,refused
2,reg
1,regalportfolio
1,regard
3,regarding
6,regards
3,register
8,registered
1,registration
4,regret
1,regretted
3,regular
1,rejected
1,related
5,relation
1,relationship
2,relatives
6,relax
1,relaxing
4,released
1,reliant
1,relieved
1,religiously
1,relocate
1,reltnship
5,rem
4,remain
3,remains
1,remb
32,remember
3,remembered
1,rememberi
2,remembr
1,remembrs
5,remind
1,reminded
3,reminder
2,reminding
1,reminds
1,remixed
2,removal
11,remove
2,removed
1,rencontre
2,renewal
1,renewed
1,renewing
9,rent
12,rental
1,renting
5,rentl
2,rents
2,repair
1,repairs
2,repeat
1,repeating
1,repent
2,replace
2,replacement
1,replacing
6,replied
1,replies
148,reply
8,replying
6,report
1,reppurcussions
10,representative
1,republic
8,request
3,requests
1,require
1,required
1,requirements
1,requires
4,research
1,resend
1,resent
1,reservations
1,reserve
1,reserved
1,reserves
1,reset
1,residency
1,resizing
1,reslove
1,resolution
1,resolved
1,resort
5,respect
2,respectful
3,responce
5,respond
3,responding
4,response
1,responsibilities
2,responsibility
1,responsible
11,rest
2,restaurant
1,restock
1,restocked
1,restrict
1,restrictions
1,resubbing
1,resubmit
4,result
5,results
2,resume
1,resuming
1,retard
1,retired
2,retrieve
7,return
3,returned
1,returning
5,returns
1,reunion
12,reveal
5,revealed
1,revealing
2,reverse
6,review
2,revision
11,reward
2,rewarding
2,rgds
1,rgent
1,rhode
2,rhythm
2,rice
3,rich
1,riddance
1,ridden
5,ride
92,right
1,rightio
2,rightly
2,rights
1,riley's
1,rimac
20,ring
1,ringing
1,rings
30,ringtone
2,ringtone-get
3,ringtoneking
10,ringtones
1,rinu
1,rip
1,ripped
1,rise
1,risk
1,risks
19,rite
1,ritten
2,river
8,road
3,roads
3,roast
1,rob
1,robinson
1,robs
11,rock
1,rocking
2,rocks
1,rodger
3,rofl
4,roger
6,role
1,roles
1,rolled
1,roller
5,romantic
1,romcapspam
3,ron
1,ron's
34,room
1,roomate
3,roommate
2,roommate's
3,roommates
5,rooms
1,ros
8,rose
1,roses
1,rough
8,round
1,rounder
1,rounds
1,route
19,row
1,rowdy
1,rows
2,royal
1,rpl
11,rply
1,rr
12,rs
2,rstm
1,rt-king
1,rtf
1,rtm
1,rto
5,ru
2,rub
1,rubber
4,rude
1,rudi
1,rugby
2,ruin
2,ruining
3,rule
1,rules
2,rum
1,rumbling
1,rummer
2,rumour
23,run
7,running
3,runs
1,rupaul
4,rush
1,rushing
1,rv
1,rvx
1,rwm
1,ryan
1,ryan's
1,ryder
83,s
1,s'fine
1,sabarish
2,sac
3,sachin
1,sack
1,sacked
2,sacrifice
21,sad
21,sae
1,saeed
11,safe
1,safely
1,safety
1,sagamu
1,saibaba
89,said
2,sake
1,salad
2,salam
5,salary
8,sale
2,sales
1,salesman
1,sall
1,salmon
2,salon
1,salt
5,sam
1,samachara
1,samantha
1,sambar
50,same
1,samus
1,sandiago
1,sane
1,sang
1,sankranti
4,santa
1,santacalling
1,sao
1,sapna
2,sar
1,sara
2,sarasota
2,sarcasm
2,sarcastic
1,saristar
1,sariyag
2,sary
1,sashimi
32,sat
1,satanic
1,sathy
2,sathya
3,satisfied
2,satisfy
1,satsgettin
1,satthen
16,saturday
3,saucy
1,sausage
13,savamob
1,savamob-member
10,save
4,saved
1,saves
1,savings
24,saw
93,say
1,sayhey
1,sayin
20,saying
27,says
1,sayy
1,sc
1,scallies
1,scammers
1,scarcasim
5,scared
3,scary
1,scenario
1,scenery
22,sch
2,schedule
27,school
2,schools
3,science
2,scold
1,scool
1,scorable
3,score
2,scores
2,scoring
2,scotch
3,scotland
2,scotsman
1,scouse
1,scraped
1,scrappy
1,scratches
1,scratching
6,scream
2,screamed
6,screaming
3,screen
1,screwd
2,scrounge
1,scrumptious
1,sculpture
2,sd
1,sday
3,se
15,sea
17,search
5,searching
5,season
3,seat
5,sec
18,second
1,secondary
3,seconds
15,secret
2,secretary
2,secretly
1,secrets
2,secs
1,section
1,sections
1,secure
1,secured
6,sed
158,see
1,see's
2,seeds
14,seeing
1,seekers
1,seeking
4,seem
4,seemed
9,seems
12,seen
1,sef
1,seh
1,sehwag
1,seing
2,select
29,selected
5,selection
9,self
1,selfindependence
2,selfish
1,selflessness
11,sell
5,selling
2,sells
2,sem
12,semester
1,semi
1,semiobscure
5,sen
196,send
3,sender
12,sending
2,sends
1,senor
1,senrd-dnot
7,sense
1,senses
1,sensible
2,sensitive
70,sent
3,sentence
3,senthil
1,sentiment
1,seperated
4,sept
1,september
1,serena
4,series
6,serious
9,seriously
1,served
1,server
60,service
18,services
2,serving
1,servs
20,set
2,setting
4,settings
3,settle
4,settled
1,settling
3,seven
1,seventeen
2,several
13,sex
1,sexiest
1,sextextuk
1,sexual
27,sexy
1,sexychat
1,sez
1,sf
1,sg
3,sh
4,sha
1,shade's
1,shadow
1,shag
2,shagged
1,shah
1,shahjahan
1,shahjahan's
1,shakara
1,shake
1,shakespeare
1,shaking
32,shall
4,shame
2,shampain
1,shangela
1,shanghai
1,shanil
1,shant
1,shaping
7,share
2,shared
2,sharing
1,shattered
1,shaved
1,shb
7,shd
144,she
5,she'll
18,she's
1,sheet
3,sheets
2,sheffield
2,shelf
1,shell
1,shelves
1,sherawat
1,shes
3,shesil
1,shexy
1,shhhhh
1,shifad
3,shijas
1,shijutta
1,shinco
1,shindig
2,shining
1,shiny
2,ship
2,shipped
3,shipping
4,shirt
3,shirts
36,shit
1,shit's
1,shite
1,shitin
1,shitinnit
2,shitload
1,shitstorm
1,shivratri
3,shld
1,shldxxxx
1,shock
2,shocking
2,shoes
1,shola
4,shoot
21,shop
1,shop--the
2,shoppin
31,shopping
1,shoranur
2,shore
9,short
3,shortage
1,shortbreaks
1,shortcode
3,shorter
4,shortly
1,shorts
3,shot
1,shoul
97,should
1,shoulders
1,shouldn
5,shouldn't
3,shouted
1,shouting
1,shove
2,shoving
25,show
1,showed
11,shower
1,showered
1,showers
7,showing
1,showr
1,showrooms
36,shows
2,shracomorsglsuplt
1,shrek
1,shrink
1,shrub
1,shsex
2,shu
1,shud
1,shudvetold
7,shuhui
1,shun
3,shut
3,shy
4,si
2,sian
2,sib
1,sic
9,sick
1,sickness
13,side
2,sigh
5,sighs
7,sight
8,sign
1,signal
1,significance
1,significant
1,signin
2,signing
1,siguviri
2,silence
9,silent
2,silently
1,silly
2,silver
7,sim
19,simple
2,simpler
6,simply
1,simpsons
1,simulate
27,since
2,sinco
1,sindu
5,sing
1,singapore
2,singing
8,single
5,singles
1,sink
1,sip
6,sipix
1,sips
38,sir
1,sir's
1,sirji
17,sis
17,sister
1,sisters
7,sit
5,site
2,sitll
1,sitter
1,sittin
9,sitting
9,situation
1,situations
2,siva
4,six
2,size
1,sized
1,skateboarding
4,skilgme
3,skillgame
1,skills
1,skinny
1,skins
1,skint
3,skip
1,skirt
7,sky
1,skye
4,skype
2,skyped
1,skyving
1,slaaaaave
1,slacking
3,slap
8,slave
58,sleep
2,sleepin
20,sleeping
1,sleepingwith
1,sleeps
2,sleepwell
2,sleepy
8,slept
2,slice
1,slices
2,slide
1,sliding
2,slightly
2,slip
3,slippers
1,slippery
2,slo
1,slob
2,slots
1,slovely
11,slow
1,slower
1,slowing
11,slowly
2,slp
1,slurp
1,smacks
11,small
1,smaller
4,smart
1,smartcall
1,smarter
1,smash
2,smashed
1,smear
1,smell
1,smells
2,smeone
1,smidgin
45,smile
1,smiled
5,smiles
1,smiley
20,smiling
1,smith
1,smith-switch
18,smoke
1,smoked
4,smokes
1,smokin
3,smoking
1,smoothly
54,sms
1,sms'd
2,smsco
1,smsing
1,smsrewards
1,smsservices
16,smth
5,sn
3,snake
1,snap
1,snappy
1,snatch
1,snd
1,sneham
1,snickering
2,snogs
1,snoring
14,snow
1,snowball
1,snowboarding
2,snowman
1,snuggles
461,so
1,soc
1,sochte
5,social
9,sofa
3,soft
3,software
1,soil
2,soiree
7,sol
1,soladha
1,sold
1,solihull
4,solve
2,solved
120,some
11,somebody
1,someday
62,someone
1,someone's
1,someonone
1,someplace
1,somerset
1,sometext
5,somethin
68,something
1,something's
4,sometime
8,sometimes
1,sometme
1,somewhat
10,somewhere
1,somewheresomeone
1,somewhr
1,somone
2,somtimes
1,sonathaya
1,sonetimes
12,song
4,songs
10,sony
5,sonyericsson
2,soo
61,soon
4,sooner
1,soonlots
1,sooo
1,soooo
2,sooooo
1,sophas
4,sore
2,sorrow
1,sorrows
159,sorry
1,sorry-i
11,sort
1,sorta
3,sorted
3,sorting
1,sorts
3,sory
3,soryda
1,sos
2,soul
12,sound
1,sounding
17,sounds
1,soundtrack
3,soup
3,source
1,sources
8,south
1,southern
1,souveniers
1,soz
1,sozi
8,sp
7,space
1,spacebucks
1,spaces
1,spageddies
1,spain
748,spam
3,spanish
2,spare
1,spares
1,spark
1,sparkling
1,spatula
33,speak
2,speaking
45,special
8,special-call
1,speciale
1,specialisation
1,specialise
9,specially
2,specific
1,specify
1,specs
3,speechless
3,speed
2,speedchat
2,speeding
1,speling
3,spell
1,spelled
1,spelling
10,spend
4,spending
8,spent
1,sphosting
1,spice
1,spider
1,spider-man
1,spiffing
2,spile
1,spin
1,spinout
1,spiral
1,spirit
1,spiritual
1,spjanuary
4,spk
5,spl
1,splash
1,splashmobile
1,splat
1,splendid
1,split
2,splleing
1,spoil
2,spoiled
1,spoilt
6,spoke
4,spoken
1,sponsors
1,spontaneously
5,spook
1,spoon
1,spoons
1,sporadically
6,sport
3,sports
1,sportsx
1,spose
1,spot
1,spotty
1,spouse
1,sppok
1,spreadsheet
7,spree
2,spring
1,springs
1,sprint
2,sptv
1,spun-out
1,spys
1,squatting
1,squeeeeeze
1,squeezed
1,squid
1,squishy
1,srs
1,srsly
1,srt
3,sry
12,st
1,stability
1,stable
1,stadium
3,staff
1,stage
1,stagwood
1,stairs
1,stalk
1,stalking
2,stamped
3,stamps
8,stand
6,standard
3,standing
1,stands
1,stapati
2,star
1,starer
2,staring
1,starring
3,stars
1,starshine
38,start
19,started
9,starting
9,starts
1,starve
1,starving
1,stash
1,stated
17,statement
1,statements
6,station
1,station's
2,status
23,stay
2,stayed
2,stayin
9,staying
2,stays
11,std
1,stdtxtrate
1,steak
1,steal
1,stealing
2,steam
1,steamboat
1,steed
1,steering
4,step
1,steps
1,stereo
1,stereophonics
1,sterling
1,sterm
2,steve
1,stewartsize
1,steyn
1,sth
2,stick
2,sticky
1,stifled
1,stil
158,still
1,stink
1,stitch
5,stock
1,stocked
6,stockport
1,stolen
3,stomach
3,stomps
2,stone
1,stoners
2,stones
1,stool
158,stop
1,stopbcm
1,stopcost
1,stopcs
5,stopped
3,stops
1,stoptxtstop
11,store
2,stores
1,stories
3,storming
20,story
4,str
6,straight
1,strain
2,strange
3,stranger
1,stream
10,street
3,stress
1,stressed
1,stressful
1,stressfull
2,stretch
1,strewn
1,strict
3,strike
1,strings
1,strip
1,stripes
1,strips
1,strokes
5,strong
2,strong-buy
1,strongly
1,strt
1,strtd
1,struggling
1,sts
1,stu
1,stubborn
3,stuck
1,studdying
2,student
1,studentfinancial
6,students
1,studies
1,studio
10,study
9,studying
1,studyn
44,stuff
1,stuff--why
1,stuffed
1,stuffing
1,stuffs
1,stunning
13,stupid
8,style
1,styles
1,styling
5,stylish
1,stylist
9,sub
1,subject
1,subletting
1,submitted
1,submitting
3,subpoly
4,subs
1,subscribe
3,subscribed
4,subscriber
1,subscribers
5,subscription
1,subscriptions
1,subscrition
1,subsequent
1,subtoitles
2,success
3,successful
3,successfully
1,such
1,sucker
1,suckers
7,sucks
1,sudden
1,suddenly
1,sudn
2,sue
1,suffer
1,suffering
1,suffers
2,sufficient
1,sugababes
1,suganya
4,sugar
1,sugardad
3,suggest
1,suggestion
1,suggestions
4,suite
1,suitemates
2,suits
1,sullivan
2,sum
1,suman
1,sumfing
9,summer
1,summers
1,summon
2,sumthin
16,sun
11,sunday
1,sundayish
2,sunlight
6,sunny
1,sunoco
1,sunroof
1,sunscreen
9,sunshine
3,suntec
6,sup
6,super
2,superb
2,superior
3,supervisor
1,suply
1,supose
1,suppliers
1,supplies
3,supply
13,support
1,supports
2,suppose
12,supposed
1,supreme
3,suprman
5,sura
71,sure
6,surely
1,surf
5,surfing
1,surgical
1,surly
1,surname
12,surprise
4,surprised
1,surrender
1,surrounded
2,survey
1,surya
1,sutra
2,sux
2,suzy
1,svc
1,swalpa
1,swan
1,swann
1,swap
1,swashbuckling
1,swat
2,swatch
1,sway
1,swayze
1,swear
1,sweater
1,sweatter
36,sweet
3,sweetest
2,sweetheart
2,sweetie
2,sweets
1,swell
1,swhrt
3,swimming
1,swimsuit
12,swing
2,swiss
2,switch
1,swollen
2,swoop
8,swt
3,swtheart
1,syd
1,syllabus
3,symbol
1,sympathetic
1,symptoms
1,synced
1,syria
1,syrup
6,system
1,systems
103,t
2,t-c
3,t-mobile
1,t-ruthful
1,t-shirt
8,t's
5,ta
1,ta-daaaaa
1,ta's
2,table
1,table's
1,tablet
3,tablets
1,tackle
2,tacos
1,tactful
1,tactless
1,tag
1,tagged
2,tahan
1,tai
1,tait
1,taj
1,taka
140,take
1,takecare
4,taken
16,takes
4,takin
18,taking
3,talent
1,talents
45,talk
1,talkbut
1,talked
1,talkin
13,talking
2,talks
1,tall
1,tallahassee
1,tallent
1,tamilnadu
9,tampa
2,tank
1,tantrum's
2,tap
3,tape
6,tariffs
1,tarot
1,tarpon
2,taste
1,tasts
6,tat
1,tata
1,tats
1,tattoos
1,tau
1,taught
4,taunton
1,taxes
2,taxi
1,taxless
1,taxt
2,taylor
1,taylor's
2,tayseer
4,tb
1,tbs
10,tc
1,tc-llc
3,tcr
4,tcs
1,tddnewsletter
1,te
7,tea
6,teach
3,teacher
1,teachers
4,teaches
2,teaching
7,team
1,teams
7,tear
2,tears
3,tease
6,teasing
2,tech
4,technical
1,technologies
2,tee
1,teenager
4,teeth
1,teju
15,tel
1,telediscount
2,telephone
1,telephonic
1,teletext
137,tell
14,telling
1,tellmiss
5,tells
2,telly
3,telphone
2,telugu
1,temales
3,temp
1,temper
4,temple
14,ten
4,tenants
1,tendencies
7,tenerife
1,tensed
2,tension
1,teresa
3,term
1,term's
1,terminated
10,terms
1,termsapply
3,terrible
2,terrific
1,terror
2,terrorist
1,terry
1,tescos
3,tessy
22,test
2,testing
3,tests
1,tex
1,texas
1,texd
191,text
1,textand
1,textbook
2,textbuddy
3,textcomp
4,texted
1,textin
6,texting
3,textoperator
4,textpod
28,texts
1,tgxxrz
12,th
39,than
1,thandiyachu
4,thangam
29,thank
77,thanks
3,thanksgiving
1,thanku
1,thankyou
32,thanx
1,thasa
527,that
1,that'd
2,that'll
56,that's
1,thatmum
43,thats
1338,the
1,theacusations
1,theater
6,theatre
1,thecd
1,thedailydraw
1,theham
14,their
1,theirs
1,thekingshead
83,them
1,themed
1,themes
5,themob
243,then
1,thenampet
1,theoretically
4,theory
1,theplace
1,thepub
202,there
1,there'll
2,there're
28,there's
2,theres
23,these
1,thesedays
2,thesis
1,thesmszone
1,thew
128,they
1,they'll
7,they're
1,theyre
2,thgt
1,thia
1,thin
62,thing
54,things
132,think
1,thinked
9,thinkin
19,thinking
14,thinks
1,thinkthis
1,thinl
1,thirtyeight
1,thirunelvali
343,this
50,thk
1,thkin
3,thm
7,thnk
1,thnq
1,thnx
18,tho
29,those
2,thot
1,thou
27,though
47,thought
2,thoughts
2,thousands
1,thout
2,thread
1,threats
4,three
2,threw
1,thriller
4,throat
12,through
4,throw
1,throwin
1,throwing
1,thrown
1,throws
8,thru
3,ths
9,tht
6,thts
1,thuglyfe
5,thurs
5,thursday
1,thus
2,thx
2,thy
6,tick
7,ticket
10,tickets
1,tie-pos
1,tiempo
1,tiger
2,tight
1,tightly
1,tigress
4,tihs
1,tiime
26,til
24,till
1,tim
220,time
1,time-hope
25,times
1,timi
1,timin
5,timing
1,timings
1,tiny
1,tip
1,tips
13,tired
1,tiring
1,tirunelvai
2,tirunelvali
3,tirupur
5,tis
2,tissco
4,title
3,titles
2,tiwary
1,tix
1,tiz
1,tke
1,tkls
4,tkts
2,tlk
4,tm
1,tm'ing
1,tming
1,tmorow
1,tmorrow
28,tmr
2,tmrw
2,tms
1,tmw
2,tnc
6,tncs
2253,to
3,toa
1,toaday
1,tobacco
1,tobed
1,tocall
6,toclaim
150,today
3,today-sunday
7,today's
21,todays
1,todo
3,tog
21,together
1,tohar
1,toilet
2,tok
1,token
1,toking
1,tol
54,told
1,toledo
1,tolerance
1,tolerat
3,toll
3,tom
3,tomarrow
1,tome
2,tomeandsaid
19,tomo
2,tomorro
93,tomorrow
1,tomorw
59,tone
26,tones
1,tonexs
1,tonght
1,tongued
60,tonight
2,tonights
10,tonite
2,tons
1,tonsolitusaswell
109,too
19,took
1,tookplace
2,tool
2,tooo
2,toot
1,tooth
1,toothpaste
1,tootsie
22,top
2,topic
1,toplay
1,topped
1,toppoly
1,tops
1,tor
7,torch
1,torrents
2,tortilla
1,torture
1,tosend
2,toshiba
1,toss
21,tot
4,total
5,totally
1,totes
17,touch
3,touched
7,tough
2,toughest
6,tour
7,towards
29,town
1,toxic
1,toyota
1,tp
6,track
1,trackmarque
2,trade
1,traditions
2,traffic
9,train
1,trained
8,training
1,trainners
2,trains
1,tram
1,tranquility
5,transaction
1,transcribing
3,transfer
3,transfered
1,transferred
2,transfr
1,transfred
2,transport
1,trash
1,trauma
2,trav
5,travel
1,traveling
1,travelled
1,travelling
1,treacle
1,treadmill
1,treasure
16,treat
2,treated
1,treatin
1,treats
1,trebles
4,tree
1,trek
1,trends
1,trial
22,tried
21,trip
1,triple
2,trips
1,trishul
1,triumphed
1,tron
8,trouble
1,troubleshooting
1,trouser
1,truble
2,truck
2,truffles
5,truly
1,truro
9,trust
1,trusting
11,truth
52,try
1,tryin
43,trying
10,ts
2,tsandcs
3,tscs
1,tsunami
2,tsunamis
4,tt
1,tt's
6,ttyl
1,tue
2,tues
8,tuesday
1,tui
4,tuition
1,tul
2,tulip
1,tunde
1,tune
1,tunji
1,turkeys
4,turn
1,turned
2,turning
6,turns
1,tuth
33,tv
1,twat
3,twelve
2,twenty
5,twice
1,twiggs
2,twilight
1,twinks
1,twins
1,twittering
33,two
1,tx
175,txt
6,txtauction
4,txtin
11,txting
2,txtno
13,txts
1,txtstar
2,txtstop
2,txttowin
1,txtx
5,tyler
1,tyler's
16,type
1,types
1,typical
4,tyrone
1174,u
8,u-find
7,u'll
6,u're
6,u've
1,uawake
1,ubandu
3,ubi
1,ud
1,ugadi
12,ugh
1,ugo's
2,uh
1,uhhhhrmm
1,uin
1,ujhhhhhhh
67,uk
1,uk-mobile-date
7,uk's
1,ukp
3,uks
1,ultimate
1,ultimately
2,ultimatum
1,um
8,umma
1,ummifying
1,ummma
3,ummmmmaah
1,un
12,un-redeemed
5,unable
2,unbelievable
2,unbreakable
1,unclaimed
12,uncle
4,uncles
1,uncomfortable
1,unconditionally
1,unconscious
1,unconsciously
1,unconvinced
1,uncountable
1,uncut
7,under
1,underdtand
13,understand
4,understanding
3,understood
2,underwear
1,undrstnd
1,undrstndng
2,unemployed
1,uneventful
1,unfolds
2,unfortunately
1,unfortuntly
1,unhappiness
1,unhappy
5,uni
1,unicef's
1,uniform
1,unintentional
1,unintentionally
4,unique
1,united
1,units
1,univ
3,university
1,unjalur
2,unkempt
2,unknown
9,unless
1,unlike
14,unlimited
1,unmits
2,unnecessarily
1,unni
1,unrecognized
4,unredeemed
1,unsecured
5,unsold
1,unspoken
7,unsub
18,unsubscribe
1,unsubscribed
2,untamed
27,until
1,unusual
309,up
1,upcharge
1,updat
24,update
2,update_now
3,upgrade
1,upgrading
1,upgrdcentre
3,upload
1,uploaded
1,upon
1,upping
1,ups
3,upset
1,upset--it's
2,upstairs
4,upto
1,uptown
391,ur
6,urawinner
4,ure
1,urfeeling
70,urgent
3,urgently
1,urgh
5,urgnt
1,urgoin
1,urgran
1,urination
4,url
1,urmom
4,urn
9,urself
67,us
2,usb
3,usc
49,use
15,used
2,useful
1,useless
9,user
1,uses
11,usf
2,usher
9,using
1,usmle
1,usps
10,usual
6,usually
1,uterus
2,utter
1,uttered
1,uup
1,uv
1,uve
1,uwana
1,uwant
1,uworld
54,v
1,v-aluable
1,va
2,vaazhthukkal
1,vague
1,vaguely
2,vale
8,valentine
1,valentine's
9,valentines
24,valid
3,valuable
2,value
1,value-morning
13,valued
1,values
1,valuing
1,varaya
1,vargu
3,various
1,varma
1,varunnathu
6,vary
1,vasai
1,vat
1,vatian
3,vava
1,vco
2,vday
8,ve
2,vegas
3,vegetables
1,veggie
1,vehicle
1,velachery
1,velly
1,velusamy
1,venaam
1,venugopal
2,verified
3,verify
1,verifying
6,version
1,versus
80,very
3,vettam
2,vewy
12,via
1,vibrant
1,vibrate
1,vibrator
1,vic
1,victoria
1,victors
2,vid
34,video
5,videochat
5,videophones
1,videos
1,videosound
1,videosounds
1,view
4,vijay
1,vijaykanth
7,vikky
1,vilikkam
1,vill
1,villa
5,village
1,vinobanagar
2,violated
3,violence
2,violet
4,vip
1,virgil's
2,virgin
1,virgins
1,virtual
1,visa
2,visionsms
16,visit
1,visiting
1,visitor
1,visitors
1,vital
1,vitamin
2,viva
2,vivek
1,vivekanand
8,vl
5,voda
6,vodafone
3,vodka
10,voice
3,voicemail
1,voila
1,volcanoes
5,vomit
1,vomitin
2,vomiting
5,vote
1,voted
17,voucher
20,vouchers
1,vouchers-text
1,vpod
6,vry
1,vs
2,vth
2,vu
17,w
3,wa
1,waaaat
1,wad
1,wadebridge
4,wah
1,wahala
1,wahay
2,waheed
1,waheeda
1,wahleykkum
2,waht
66,wait
2,waited
4,waitin
53,waiting
26,wake
5,waking
3,wales
1,waliking
20,walk
1,walkabout
3,walked
1,walkin
7,walking
1,walks
1,wall
1,wallet
2,wallpaper
1,wallpaper-all
3,walls
3,walmart
1,walsall
1,wamma
55,wan
11,wana
38,wanna
1,wannatell
195,want
27,wanted
4,wanting
21,wants
11,wap
1,waqt
10,warm
1,warming
1,warned
3,warner
2,warning
2,warranty
1,warwick
231,was
1,washob
2,wasn
12,wasn't
1,wasnt
7,waste
2,wasted
1,wasting
99,wat
1,wat'll
7,wat's
33,watch
1,watched
1,watches
1,watchin
34,watching
1,watchng
10,water
2,watever
1,watevr
2,wating
1,watr
6,wats
1,watts
2,wave
1,wavering
2,waves
102,way
1,waz
357,we
4,we'd
20,we'll
22,we're
4,we've
5,weak
1,weakness
1,weaknesses
1,weapon
5,wear
4,wearing
1,weaseling
1,weasels
6,weather
1,weather's
2,web
1,webadres
1,webeburnin
1,webpage
6,website
6,wed
1,weddin
3,wedding
1,weddingfriend
1,wedlunch
8,wednesday
1,weds
2,wee
10,weed
1,weed-deficient
120,week
2,week-stop
4,week's
1,weekdays
31,weekend
2,weekend's
8,weekends
24,weekly
15,weeks
2,weigh
1,weighed
8,weight
1,weightloss
4,weird
2,weirdest
1,weirdo
1,weirdy
1,weiyi
14,welcome
2,welcomes
120,well
1,wellda
3,welp
25,wen
1,wendy
1,wenever
62,went
1,wenwecan
6,wer
62,were
1,werebored
1,weren't
1,werethe
1,wesley
1,wesleys
2,west
1,western
2,westlife
1,westonzoyland
1,westshore
5,wet
1,wetherspoons
1,wewa
1,whassup
270,what
22,what's
17,whatever
17,whats
2,whatsup
1,wheat
1,wheel
1,wheellock
296,when
1,when're
3,when's
11,whenever
3,whenevr
1,whens
111,where
8,where's
1,whereare
6,wherever
1,wherevr
1,wherre's
5,whether
61,which
28,while
1,whilltake
1,whispers
5,white
2,whn
114,who
7,who's
1,whoever
14,whole
4,whom
1,whore
3,whos
2,whose
2,whr
84,why
1,wi
1,wicked
1,wicket
2,wicklow
21,wid
2,widelive
27,wif
28,wife
1,wifes
2,wifi
2,wihtuot
1,wikipedia
19,wil
1,wild
1,wildest
1,wildlife
390,will
6,willing
1,willpower
74,win
2,wind
2,window
2,windows
1,winds
1,windy
11,wine
1,wined
1,wings
1,wining
16,winner
1,winnersclub
3,winning
5,wins
1,winterstone
1,wipe
2,wipro
3,wisdom
3,wise
54,wish
1,wisheds
8,wishes
2,wishin
10,wishing
1,wishlist
2,wiskey
15,wit
383,with
1,withdraw
1,wither
13,within
28,without
1,witin
1,witot
1,witout
8,wiv
1,wizzle
40,wk
4,wkend
2,wkent
2,wkg
14,wkly
1,wknd
2,wks
1,wlcome
2,wld
2,wml
3,wn
1,wnevr
6,wnt
2,wo
1,woah
1,wocay
10,woke
2,woken
5,woman
1,womdarfull
3,women
73,won
22,won't
1,wondar
1,wondarfull
11,wonder
16,wonderful
9,wondering
4,wonders
34,wont
1,woo
1,woodland
1,woods
1,woohoo
2,woot
1,woould
1,woozles
1,worc
38,word
23,words
101,work
1,workage
1,workand
8,workin
29,working
1,workout
6,works
37,world
1,world's
2,worlds
1,worms
10,worried
9,worries
24,worry
1,worrying
7,worse
2,worst
17,worth
1,worthless
26,wot
1,wotu
1,wotz
1,woul
76,would
2,woulda
5,wouldn't
1,wounds
12,wow
4,wrc
1,wrecked
1,wrench
1,wrenching
1,wright
10,write
1,writhing
3,wrk
1,wrkin
1,wrking
1,wrks
1,wrld
2,wrnog
15,wrong
1,wrongly
2,wrote
3,ws
3,wt
1,wtc
4,wtf
1,wth
1,wthout
1,wtlp
3,wud
1,wudn't
2,wuld
1,wuldnt
7,wun
100,www
4,wylie
55,x
1,x-net
1,x'mas
1,xafter
2,xam
3,xavier
5,xchat
1,xclusive
1,xin
1,xin's
27,xmas
1,xoxo
1,xt
3,xuhui
18,xx
1,xxsp
1,xxuk
35,xxx
2,xxxmobilemovieclub
5,xxxx
2,xxxxx
1,xxxxxx
1,xxxxxxx
1,xxxxxxxx
1,xxxxxxxxxxxxxx
9,xy
44,y
1,y'day
58,ya
1,yah
8,yahoo
1,yalrigu
1,yalru
1,yam
5,yan
13,yar
2,yarasu
1,yards
1,yavnt
1,yaxx
1,yaxxx
6,yay
2,yck
87,yeah
50,year
25,years
1,yeesh
3,yeh
2,yelling
2,yellow
1,yelow
1,yen
1,yeovil
11,yep
4,yer
97,yes
7,yest
24,yesterday
50,yet
1,yetty's
4,yetunde
1,yhl
1,yi
1,yifeng
7,yijue
5,ym
1,ymca
38,yo
1,yo-here
7,yoga
5,yogasana
3,yor
1,yorge
2155,you
8,you'd
1,you'ld
14,you'll
51,you're
14,you've
1,youdoing
1,youi
1,young
1,younger
1,youphone
680,your
1,your's
2,youre
1,yourinclusive
1,yourjob
23,yours
22,yourself
1,youuuuu
1,youwanna
1,yoville
1,yowifes
1,yoyyooo
14,yr
8,yrs
1,ystrday
1,yummmm
3,yummy
5,yun
2,yunny
4,yuo
1,yuou
43,yup
1,yupz
1,z
1,zac
1,zaher's
1,zealand
1,zebra
6,zed
1,zeros
1,zhong
2,zindgi
2,zoe
1,zogtorius
1,zoom
1,zouk
1,zyada
29,TRUE